{
  "i18n.CornerstoneDoesntLoadMostImages": {
    "default": "Cornerstone doesn’t load most images until the user scrolls to them on the screen. Enable \"Lazyloading with LQIP\" below if you prefer to show a preview image and replace it with a better quality version as the user scrolls. Select \"Disabled\" below to fully turn off this feature.",
    "fr": "Cornerstone ne charge pas la plupart des images jusqu’à ce que l’utilisateur les défile à l’écran. Activer \"Chargement lent avec LQIP\" ci-dessous si vous préférez afficher une image de Prévisualisation et la remplacer par une version de meilleure qualité quand l’utilisateur défilera. Sélectionnez \"Désactivé\" ci-dessous pour désactiver complètement cette fonctionnalité.",
    "it": "Cornerstone non carica la maggior parte delle immagini finché l'utente non scrolla fino alle immagini. Attiva \"Lazyloading con LQIP\" di sotto se vuoi mostrare un'anteprima dell'immagine che verrà sostituito con un'immagine di qualità migliore quando l'utente scrolla. Seleziona \"Disattiva\" di sotto per disabilitare completamente questa funzione.",
    "uk": "Cornerstone не завантажує більшість зображень, поки користувач не прокрутить їх до екрана. Увімкніть \"Lazyloading with LQIP\" нижче, якщо ви бажаєте показати зображення для попереднього перегляду та замінити його на більш якісну версію, як користувач прокручує. Виберіть \"Відключено\" нижче, щоб повністю вимкнути цю функцію.",
    "zh": "Cornerstone不会加载很多图片，除非用户在屏幕上滚动他们。如果您愿意在用户滚动的时候，在高质量下预览图片和替换，下方选择启用\"Lazyloading with LQIP\"。在下方选择\"禁用\" ，可以完全关掉这个功能。"
  },
  "i18n.ShowPriceRangesForProducts": {
    "default": "Show price ranges for products with variants. If disabled it will show the product price",
    "fr": "Afficher les gammes de prix pour les produits avec variantes. S’il est désactivé, le prix du produit sera affiché",
    "it": "Mostra range di prezzo per i prodotti con varianti. Se disabilitato sarà mostrato il prezzo del prodotto",
    "uk": "Показати діапазони цін на продукти з варіантами. Якщо він відключений, він відображатиме ціну товару",
    "zh": "当产品有属性选项时，显示价格范围。如果禁用将显示产品价格"
  },
  "i18n.SocialAccountsMustBeSet": {
    "default": "Social accounts must be set up to use this feature.",
    "fr": "Les comptes sociaux doivent être mis en place pour utiliser cette fonctionnalité.",
    "it": "Gli account social devono essere configurati per poter usare questa funzionalità.",
    "uk": "Для використання цієї функції потрібно створити соціальні акаунти.",
    "zh": "必须设置社交账户才能使用该功能。"
  },
  "i18n.ShowPoweredByBigCommerce": {
    "default": "Show \"Powered by BigCommerce\"",
    "fr": "Afficher \"Powered by BigCommerce\"",
    "it": "Mostra \"Powered by BigCommerce\"",
    "uk": "Показати \"Працює на BigCommerce\"",
    "zh": "显示\"Powered by BigCommerce\""
  },
  "i18n.ShowCurrentYearAnd": {
    "default": "Show \"&copy;\", current year and store name",
    "fr": "Afficher \"&copy;\", l’année en cours et le nom de la boutique",
    "it": "Mostra \"&copy;\", anno corrente e nome negozio",
    "uk": "Показати \"&copy;\", рік та назву магазину",
    "zh": "显示\"&copy;\", 当前年份和店铺名称"
  },
  "i18n.Medium": {
    "default": "Medium",
    "fr": "Moyen",
    "it": "Medio",
    "uk": "Середній",
    "zh": "中"
  },
  "i18n.Small": {
    "default": "Small",
    "fr": "Petit",
    "it": "Piccolo",
    "uk": "Маленький",
    "zh": "小"
  },
  "i18n.TheProductPriceLabel": {
    "default": "* the 'Product price label' is displayed when there is not a sale price.",
    "fr": "* l’étiquette de prix du produit s’affiche lorsqu’il n’y a pas de prix de vente.",
    "it": "* l' 'Etichetta prezzo prodotto' sarà mostrato quando non c'è un prezzo di vendita.",
    "uk": "* \"Етикетка цін на товар\" відображається, коли немає продажної ціни.",
    "zh": "*“产品价格标签”会在没有销售价格时显示。"
  },
  "i18n.PleaseSpecifyAMaximumImage": {
    "default": "Please specify a maximum image size for desktop display. We'll automatically scale down the image for smaller devices.",
    "fr": "Veuillez spécifier une taille d’image maximale pour l’affichage de bureau. Nous allons automatiquement réduire l’image pour les petits appareils.",
    "it": "Indica per favore delle dimensioni massime per un'immagine per il display di un desktop. L'immagine sarà adattata in automatico per dispositivi più piccoli.",
    "uk": "Укажіть максимальний розмір зображення для відображення на робочому столі. Ми зменшимо масштаб зображення для менших пристроїв.",
    "zh": "请为电脑端指定最大图片尺寸。我们将自动缩小适应小屏幕设备。"
  },
  "i18n.ButtonContainer": {
    "default": "Button Container"
  },
  "i18n.ButtonColor": {
    "default": "Button color",
    "fr": "Couleur du bouton",
    "it": "Colore bottone",
    "uk": "Колір кнопки",
    "zh": "按钮颜色"
  },
  "i18n.Gold": {
    "default": "Gold",
    "fr": "Or",
    "it": "Oro",
    "uk": "Золотий",
    "zh": "金"
  },
  "i18n.Blue": {
    "default": "Blue",
    "fr": "Bleu",
    "it": "Blu",
    "uk": "Синій",
    "zh": "蓝"
  },
  "i18n.Silver": {
    "default": "Silver",
    "fr": "Argent",
    "it": "Argento",
    "uk": "Срібний",
    "zh": "银"
  },
  "i18n.White": {
    "default": "White"
  },
  "i18n.Black": {
    "default": "Black",
    "fr": "Noir",
    "it": "Nero",
    "uk": "Чорний",
    "zh": "黑"
  },
  "i18n.ButtonShape": {
    "default": "Button shape",
    "fr": "Forme du bouton",
    "it": "Forma bottone",
    "uk": "Форма кнопки",
    "zh": "按钮形状"
  },
  "i18n.Pill": {
    "default": "Pill",
    "fr": "Cylindre",
    "it": "Cerchio",
    "uk": "Таблетки",
    "zh": "Pill"
  },
  "i18n.Rectangle": {
    "default": "Rectangle",
    "fr": "Rectangle",
    "it": "Rettangolo",
    "uk": "Прямокутник",
    "zh": "长方形"
  },
  "i18n.ButtonSize": {
    "default": "Button size",
    "fr": "Taille du bouton",
    "it": "Dimensioni bottone",
    "uk": "Розмір кнопки",
    "zh": "按钮尺寸"
  },
  "i18n.Large": {
    "default": "Large",
    "fr": "Large",
    "it": "Largo",
    "uk": "Великий",
    "zh": "大"
  },
  "i18n.ButtonContent": {
    "default": "Button content",
    "fr": "Contenu du bouton",
    "it": "Contenuto bottone",
    "uk": "Зміст кнопки",
    "zh": "按钮内容"
  },
  "i18n.PaypalAcceleratedCheckoutButton": {
    "default": "Paypal Accelerated Checkout button"
  },
  "i18n.ContentColor": {
    "default": "Content color",
    "fr": "Couleur du contenu",
    "it": "Colore del contenuto",
    "uk": "Колір вмісту",
    "zh": "内容颜色"
  },
  "i18n.Buy": {
    "default": "Buy",
    "fr": "Acheter",
    "it": "Acquistare",
    "uk": "Купити",
    "zh": "买"
  },
  "i18n.Checkout": {
    "default": "Checkout",
    "fr": "Checkout",
    "it": "Checkout",
    "uk": "Оформлення замовлення",
    "zh": "查看"
  },
  "i18n.Pay": {
    "default": "Pay",
    "fr": "Payer",
    "it": "Paga",
    "uk": "Платити",
    "zh": "支付"
  },
  "i18n.PayNow": {
    "default": "Pay Now",
    "fr": "Payez maintenant",
    "it": "Paga ora",
    "uk": "Платити зараз",
    "zh": "现在付款"
  },
  "i18n.CheckoutNow": {
    "default": "Checkout Now",
    "fr": "Passer à la caisse",
    "it": "Controlla ora",
    "uk": "Оформити замовлення зараз",
    "zh": "立即结帐"
  },
  "i18n.ProceedToCheckout": {
    "default": "Proceed to checkout",
    "fr": "Procedere al checkout",
    "it": "Controlla ora",
    "uk": "Перейти до оформлення замовлення",
    "zh": "进行结算"
  },
  "i18n.SmartPaypalButton": {
    "default": "Paypal Button"
  },
  "i18n.PayPalCheckout": {
    "default": "PayPal Checkout",
    "fr": "Checkout de PayPal",
    "it": "Checkout PayPal",
    "uk": "Замовлення PayPal",
    "zh": "PayPal 结算"
  },
  "i18n.PayWithPayPal": {
    "default": "Pay with PayPal",
    "fr": "Payer avec PayPal",
    "it": "Paga con PayPal",
    "uk": "Оплачуйте через PayPal",
    "zh": "PayPal支付"
  },
  "i18n.BuyNow": {
    "default": "Buy Now",
    "fr": "Acheter maintenant",
    "it": "Acquista Ora",
    "uk": "Купити зараз",
    "zh": "立即购买"
  },
  "i18n.PayPal": {
    "default": "PayPal",
    "fr": "PayPal",
    "it": "PayPal",
    "uk": "PayPal",
    "zh": "PayPal"
  },
  "i18n.CheckoutPayPalButton": {
    "default": "PayPal Button on checkout page"
  },
  "i18n.ProductPageBanner": {
    "default": "Product page banner"
  },
  "i18n.BannerStyleColor": {
    "default": "Banner style color"
  },
  "i18n.White-no-border": {
    "default": "White no border"
  },
  "i18n.gray": {
    "default": "Gray"
  },
  "i18n.monochrome": {
    "default": "Monochrome"
  },
  "i18n.grayscale": {
    "default": "Grayscale"
  },
  "i18n.BannerStyleRatio": {
    "default": "Banner style ratio"
  },
  "i18n.8x1": {
    "default": "8x1"
  },
  "i18n.20x1": {
    "default": "20x1"
  },
  "i18n.HomePageBanner": {
    "default": "Home page banner"
  },
  "i18n.BannerTextStyleColor": {
    "default": "Banner text style color"
  },
  "i18n.BannerStyleLogoPosition": {
    "default": "Banner style logo position"
  },
  "i18n.left": {
    "default": "Left"
  },
  "i18n.right": {
    "default": "Right"
  },
  "i18n.top": {
    "default": "Top"
  },
  "i18n.BannerStyleLogoType": {
    "default": "Banner style logo type"
  },
  "i18n.inline": {
    "default": "Inline"
  },
  "i18n.alternative": {
    "default": "Alternative"
  },
  "i18n.none": {
    "default": "None"
  },
  "i18n.PaymentBanners": {
    "default": "Payment Banners"
  },
  "i18n.CartPageBanner": {
    "default": "Cart page banner"
  },
  "i18n.primary": {
    "default": "Primary"
  },
  "i18n.BannersMessaging": {
    "default": "Please note that in order for the changes to apply, you need navigate to the PayPal Settings in BC Control Panel, disable an appropriate messaging banner(s), click \"Save\" button, enable the banner again and click \"Save\" button again"
  },
  "i18n.PaymentButtonsContainer": {
    "default": "Buttons Container Size"
  },
  "i18n.NewsletterPopupDesc": {
    "default": "Create newsletter popup image and content in Banner Manager. Use the tool in User Guide to generate HTML content quickly."
  },
  "i18n.NLPopupStart": {
    "default": "Show after page loaded (sec)"
  },
  "i18n.NLPopupHide": {
    "default": "Don't show again (sec)"
  },
  "i18n.NLPopupHideDesc": {
    "default": "Leave empty to show whenever page reloaded."
  },
  "i18n.CategoryListUploadThumbnailDesc": {
    "default": "Upload banner in Image Manager named categories-list-thumbnail-{i}.jpg where {i} is the category order starting from 1."
  },
  "i18n.ProductByCategoryUploadBannerDesc": {
    "default": "Upload banner in Image Manager named products-by-category-{i}.jpg where {i} is the category order starting from 1."
  },
  "i18n.ResponsiveMainProductImage": {
    "default": "Responsive main product images (Disable to load faster for large size images or PNG format)"
  },
  "i18n.FacebookPageDesc": {
    "default": "Input 'papathemes' if your page url is https://www.facebook.com /papathemes/. Leave empty to hide."
  },
  "i18n.CarouselAddYouTubeDesc": {
    "default": "Add Youtube video for slides. For example, input suSS6v8GgrM if your video URL is https://youtu.be/suSS6v8GgrM"
  },
  "i18n.InstantLoadDesc": {
    "default": "Enable Instant-Load for faster browsing pages (experiment). Doesn't work if ecommerce tracking enabled."
  },
  "i18n.AfterPaySettings": {
    "default": "After Pay Button"
  },
  "i18n.ApplePaySettings": {
    "default": "Apple Pay Button"
  },
  "i18n.AmazonSettings": {
    "default": "Amazon Button"
  },
  "i18n.GooglePaySettings": {
    "default": "Google Pay Button"
  },
  "i18n.MasterpassSettings": {
    "default": "Masterpass Button"
  },
  "i18n.ShowQuickPaymentButtons": {
    "default": "Show quick payment buttons"
  },
  "i18n.QuickPaymentButtons": {
    "default": "Quick payment buttons on product page"
  },
  "i18n.NumberOfButtonsAlwaysVisible": {
    "default": "Number of buttons always visible"
  },
  "i18n.ProviderSortingOrderLabel": {
    "default": "Sort Order"
  },
  "i18n.PayPalProviderSortingLabel": {
    "default": "PayPal"
  },
  "i18n.PayPalCreditProviderSortingLabel": {
    "default": "Pay Later"
  },
  "i18n.PayPalVenmoProviderSortingLabel": {
    "default": "Venmo"
  },
  "i18n.PayPalSepaProviderSortingLabel": {
    "default": "SEPA"
  },
  "i18n.GooglepayProviderSortingLabel": {
    "default": "Google Pay"
  },
  "i18n.ApplepayProviderSortingLabel": {
    "default": "Apple Pay"
  },
  "i18n.AfterpayProviderSortingLabel": {
    "default": "After Pay"
  },
  "i18n.AmazonProviderSortingLabel": {
    "default": "Amazon Pay"
  },
  "i18n.MasterpassProviderSortingLabel": {
    "default": "Masterpass"
  },
  "i18n.ajaxAtc": {
    "default": "Don't redirect to product page when click Add To Cart button on product cards"
  },
  "i18n.redirectCart": {
    "default": "Redirect to cart page after add to cart"
  },
  "i18n.sptInitCount": {
    "default": "Products showing when the page loaded (set low to optimize TTFB)"
  },
  "i18n.sptLazyCount": {
    "default": "Show more products when scrolling to the viewport"
  }
}
