{"components/common/alert-modal":"<div id=\"alert-modal\" class=\"modal modal--alert modal--small\" data-reveal data-prevent-quick-search-close>\n    <div class=\"swal2-icon swal2-error swal2-icon-show\"><span class=\"swal2-x-mark\"><span class=\"swal2-x-mark-line-left\"></span><span class=\"swal2-x-mark-line-right\"></span></span></div>\n\n    <div class=\"modal-content\"></div>\n\n    <div class=\"button-container\"><button type=\"button\" class=\"confirm button\" data-reveal-close>OK</button></div>\n</div>\n","components/common/body":"<div class=\"body\" data-currency-code=\"{{currency_selector.active_currency_code}}\">\n    {{#block \"hero\"}} {{/block}}\n    <div class=\"container\">\n        {{#block \"page\"}} {{/block}}\n    </div>\n    {{> components/common/modal}}\n    {{> components/common/alert-modal}}\n</div>\n\n<div class=\"scrollToTop\">\n    <a href=\"#topOfPage\" class=\"button u-hiddenVisually\" id=\"scrollToTopFloatingButton\" title=\"{{lang 'common.top_of_page'}}\"><i class=\"fa fa-chevron-up\"></i></a>\n</div>","components/common/breadcrumbs":"<ul class=\"breadcrumbs\">\n    {{#each breadcrumbs}}\n        {{#if url}}\n            <li class=\"breadcrumb {{#if @last}}is-active{{/if}}\">\n                <a data-instantload href=\"{{url}}\" class=\"breadcrumb-label\">\n                    <span>{{name}}</span>\n                </a>\n            </li>\n        {{else}}\n            <li class=\"breadcrumb {{#if @last}}is-active{{/if}}\">\n                <span class=\"breadcrumb-label\">{{name}}</span>\n            </li>\n        {{/if}}\n    {{/each}}\n</ul>\n\n<script type=\"application/ld+json\">\n{\n    \"@context\": \"https://schema.org\",\n    \"@type\": \"BreadcrumbList\",\n    \"itemListElement\":\n    [\n        {{#each breadcrumbs}}\n        {\n            \"@type\": \"ListItem\",\n            \"position\": {{add @index 1}},\n            \"item\": {\n                \"@id\": {{{JSONstringify url}}},\n                \"name\": {{{JSONstringify name}}}\n            }\n        }{{#unless @last}},{{/unless}}\n        {{/each}}\n    ]\n}\n</script>","components/common/currency-selector":"{{#if currency_selector.currencies.length '>' 1}}\n<ul class=\"navUser-section\">\n    <li class=\"navUser-item\">\n        <a class=\"navUser-action navUser-action--currencySelector has-dropdown\" href=\"#\" data-dropdown=\"currencySelection\" aria-controls=\"currencySelection\" aria-expanded=\"false\">{{{lang 'common.currency' code=currency_selector.active_currency_code}}} <i class=\"icon\" aria-hidden=\"true\"><svg><use href=\"#icon-chevron-down\" /></svg></i></a>\n        <ul class=\"dropdown-menu\" id=\"currencySelection\" data-dropdown-content aria-hidden=\"true\" tabindex=\"-1\">\n            {{#each currency_selector.currencies}}\n            <li class=\"dropdown-menu-item\">\n                <a href=\"{{{switch_url}}}\"\n                   data-currency-code=\"{{{code}}}\"\n                   {{#if cart_currency_switch_url.length '>' 0 }}\n                   data-cart-currency-switch-url=\"{{{cart_currency_switch_url}}}\"\n                   {{/if}}\n                   data-warning=\"{{lang 'common.currency_switch_promotion'}}\"\n                >\n                {{#if is_active}}\n                <strong>{{name}}</strong>\n                {{else}}\n                {{name}}\n                {{/if}}\n                </a>\n            </li>\n            {{/each}}\n        </ul>\n    </li>\n</ul>\n{{/if}}\n","components/common/footer":"\n{{#or banners.bottom theme_settings.instantload}}\n<div class=\"container\">\n    {{#if settings.data_tag_enabled}}\n        <div class=\"banners banners--bottom\" data-banner-location=\"bottom\">\n            {{#each (limit banners.bottom_metadata 1)}}\n                <div class=\"banner\" data-event-type=\"promotion\" data-entity-id=\"{{this.id}}\" data-name=\"{{this.banner-name}}\" data-position=\"{{this.location}}\" data-name=\"{{this.banner-name}}\">\n                    <div data-event-type=\"promotion-click\">\n                        {{{this.content}}}\n                    </div>\n                </div>\n            {{/each}}\n        </div>\n    {{else}}\n        <div class=\"banners banners--bottom\" data-banner-location=\"bottom\">\n            <div class=\"banner\">\n                {{{limit banners.bottom 1}}}\n            </div>\n        </div>\n    {{/if}}\n</div>\n{{/or}}\n\n{{{region name=\"footer_before\"}}}\n{{{region name=\"footer_before--global\"}}}\n\n{{#if settings.show_newsletter_box}}\n    {{#if theme_settings.nl_popup_show '===' 'home'}}\n        {{#if page_type '===' 'default'}}\n            {{> components/emthemes-modez/newsletter/modal}}\n        {{/if}}\n    {{else if theme_settings.nl_popup_show '===' 'all'}}\n        {{> components/emthemes-modez/newsletter/modal}}\n    {{/if}}\n{{/if}}\n\n<footer class=\"footer\" role=\"contentinfo\">\n    {{#if settings.show_newsletter_box}}\n    {{#if theme_settings.footer_show_newsletter}}\n    <div class=\"emthemesModez-footer-topColumns-wrapper\">\n        <div class=\"container\">\n            <div class=\"emthemesModez-footer-topColumns\">\n                <div class=\"emthemesModez-footer-newsletter\">\n                    {{> components/emthemes-modez/newsletter/section}}\n                </div>\n            </div>\n        </div>\n    </div>\n    {{/if}}\n    {{/if}}\n\n    {{{region name=\"newsletter_below\"}}}\n    {{{region name=\"newsletter_below--global\"}}}\n\n\n    <div class=\"container\">\n        <section class=\"footer-info\">\n\n            {{#if theme_settings.footer_show_aboutus}}\n                <article class=\"footer-info-col footer-info-col--about\" data-section-type=\"storeInfo\">\n                    {{{region name=\"footer_before_logo--global\"}}}\n                    <div class=\"footer-info-heading\">\n                        <div class=\"footer-logo\">\n                            {{> components/common/store-logo}}\n                        </div>\n                    </div>\n                    {{{region name=\"footer_below_logo--global\"}}}\n\n                    {{#if theme_settings.footer_show_contact}}\n                        <ul class=\"fa-ul\">\n                            <li><i class=\"fa fa-li fa-map-marker\"></i><address>{{nl2br settings.address}}</address></li>\n                            {{#if settings.phone_number}}\n                            <li><i class=\"fa fa-li fa-phone\"></i><a href=\"tel:{{settings.phone_number}}\">{{lang 'footer.call_us' phone_number=settings.phone_number}}</a></li>\n                            {{/if}}\n                        </ul>\n                    {{/if}}\n\n                    {{#if theme_settings.social_icon_placement_bottom}}\n                        {{> components/common/social-links style=\"alt\"}}\n                    {{/if}}\n\n                    {{{region name=\"footer_below_contact--global\"}}}\n                </article>\n            {{/if}}\n            \n\n            {{#if theme_settings.footer_show_pages '>' -2}}\n                <article class=\"footer-info-col\" data-section-type=\"footer-webPages\">\n                    <h5 class=\"footer-info-heading\">{{lang 'footer.navigate'}}</h5>\n                    <ul class=\"footer-info-list\">\n                        {{#if theme_settings.footer_show_pages '>' -1}}\n                            {{#each (limit pages theme_settings.footer_show_pages)}}\n                                <li>\n                                    <a href=\"{{url}}\">{{name}}</a>\n                                </li>\n                            {{/each}}\n                        {{else}}\n                            {{#each pages}}\n                                <li>\n                                    <a href=\"{{url}}\">{{name}}</a>\n                                </li>\n                            {{/each}}\n                        {{/if}}\n                        <li>\n                            <a href=\"{{urls.sitemap}}\">{{lang 'sitemap.page_title'}}</a>\n                        </li>\n                    </ul>\n                    {{{region name=\"footer_below_pages--global\"}}}\n                </article>\n            {{/if}}\n\n            {{#if theme_settings.footer_show_categories '>' -1}}\n                <article class=\"footer-info-col\" data-section-type=\"footer-categories\">\n                    <h5 class=\"footer-info-heading\">{{lang 'footer.categories'}}</h5>\n                    <ul class=\"footer-info-list\">\n                        {{#if theme_settings.footer_show_categories '>' 0}}\n                            {{#each (limit categories theme_settings.footer_show_categories)}}\n                                <li>\n                                    <a href=\"{{url}}\">{{name}}</a>\n                                </li>\n                            {{/each}}\n                        {{else}}\n                            {{#each categories}}\n                                <li>\n                                    <a href=\"{{url}}\">{{name}}</a>\n                                </li>\n                            {{/each}}\n                        {{/if}}\n                    </ul>\n                    {{{region name=\"footer_below_categories--global\"}}}\n                </article>\n            {{/if}}\n\n            {{#if theme_settings.footer_show_links_1}}\n                {{> components/emthemes-modez/common/footer-links index=1}}\n            {{/if}}\n\n            {{#if theme_settings.footer_show_links_2}}\n                {{> components/emthemes-modez/common/footer-links index=2}}\n            {{/if}}\n            \n            {{#if theme_settings.footer_show_links_3}}\n                {{> components/emthemes-modez/common/footer-links index=3}}\n            {{/if}}\n            \n            {{#if theme_settings.footer_show_links_4}}\n                {{> components/emthemes-modez/common/footer-links index=4}}\n            {{/if}}\n\n\n            {{#if theme_settings.show_shop_by_brand}}\n                <article class=\"footer-info-col footer-info-col--brands\" data-section-type=\"footer-brands\">\n                    <h5 class=\"footer-info-heading\">{{lang 'footer.brands'}}</h5>\n                    <ul class=\"footer-info-list\">\n                        {{#each (limit shop_by_brand theme_settings.show_shop_by_brand)}}\n                            <li>\n                                <a href=\"{{url}}\">{{name}}</a>\n                            </li>\n                        {{/each}}\n                        <li><a href=\"{{urls.brands}}\">{{lang 'common.view_all'}}</a></li>\n                    </ul>\n                    {{{region name=\"footer_below_brands--global\"}}}\n                </article>\n            {{/if}}\n\n        </section>\n        {{{region name=\"footer_below_columns--global\"}}}\n    </div>\n\n    <div class=\"footer-copyright\">\n        <div class=\"container\">\n            <p class=\"powered-by\">\n                {{#if theme_settings.show_copyright_footer}}\n                    &copy; <span id=\"copyright_year\"></span> {{settings.store_name}}.\n                    <script>\n                        document.getElementById(\"copyright_year\").innerHTML = new Date().getFullYear();\n                    </script>\n                {{/if}}\n                {{#if theme_settings.show_powered_by}}\n                    {{lang 'footer.powered_by'}} <a href=\"http://bigcommerce.com\" rel=\"nofollow\">BigCommerce</a>. Theme designed by <a href=\"https://papathemes.com\" rel=\"nofollow\">Papathemes</a>.\n                {{/if}}\n            </p>\n\n            {{> components/common/payment-icons}}\n\n            {{{region name=\"ssl_site_seal--global\"}}}\n        </div>\n    </div>\n</footer>\n\n{{{region name=\"footer_bottom--global\"}}}","components/common/header":"{{#or banners.top_metadata theme_settings.instantload}}\n<div class=\"banners\" data-banner-location=\"top\">\n    {{#if settings.data_tag_enabled}}\n        {{#each banners.top_metadata}}\n            {{#if (occurrences this.content 'emthemesModezBannersBlock') '===' 0}}\n                <div class=\"banner\">\n                    {{{this.content}}}\n                </div>\n            {{/if}}\n        {{/each}}\n    {{else}}\n        {{#each banners.top_metadata}}\n            {{#if (occurrences this.content 'emthemesModezBannersBlock') '===' 0}}\n                <div class=\"banner\" data-event-type=\"promotion\" data-entity-id=\"{{this.id}}\" data-name=\"{{this.banner-name}}\" data-position=\"{{this.location}}\" data-banner-id=\"{{this.banner-name}}\">\n                    <div data-event-type=\"promotion-click\">\n                        {{{this.content}}}\n                    </div>\n                </div>\n            {{/if}}\n        {{/each}}\n    {{/if}}\n</div>\n{{/or}}\n{{#if theme_settings.bannerAdvTopHeader '===' 'all'}}\n    <div data-emthemesmodez-remote-banner=\"emthemesModezBannersBlockAdvTopHeader\"></div>\n{{else if theme_settings.bannerAdvTopHeader '===' 'nothome'}}\n    {{#if page_type '!==' 'default'}}\n    <div data-emthemesmodez-remote-banner=\"emthemesModezBannersBlockAdvTopHeader\"></div>\n    {{/if}}\n{{/if}}\n<header class=\"header\" role=\"banner\" {{#if theme_settings.header_sticky '===' 'all'}} data-stickymenu{{/if}}>\n    <a href=\"#\" class=\"mobileMenu-toggle\" data-mobile-menu-toggle=\"menu\">\n        <span class=\"mobileMenu-toggleIcon\">Toggle menu</span>\n    </a>\n\n    <div class=\"emthemesModez-header-topSection\">\n        <div class=\"container\">\n            {{> components/common/navigation-top}}\n        </div>\n    </div>\n\n    <div class=\"emthemesModez-header-userSection emthemesModez-header-userSection--logo-{{theme_settings.logo-position}}\"{{#if theme_settings.header_sticky '===' 'search'}} data-stickymenu{{/if}}>\n        <div class=\"container\">\n            {{> components/common/navigation}}\n\n            {{#if template_file '===' 'pages/home'}}\n                <h1 class=\"header-logo header-logo--{{theme_settings.logo-position}}\">\n                    {{> components/common/store-logo}}\n                </h1>\n            {{else}}\n                <div class=\"header-logo header-logo--{{theme_settings.logo-position}}\">\n                    {{> components/common/store-logo}}\n                </div>\n            {{/if}}\n\n            {{> components/common/quick-search}}\n        </div>\n    </div>\n\n    <div class=\"navPages-container{{#if theme_settings.navPages_bg_stretch}} navPages-container--bg{{/if}}\" id=\"menu\" data-menu>\n        <div class=\"container\">\n            {{> components/common/navigation-menu}}\n        </div>\n    </div>\n\n    {{{region name=\"header_navigation_bottom--global\"}}}\n</header>\n\n{{> components/common/quick-search style=\"mobileOnly\"}}\n\n<div class=\"dropdown dropdown--quickSearch\" id=\"quickSearch\" aria-hidden=\"true\" tabindex=\"-1\" data-prevent-quick-search-close>\n    <div class=\"container\">\n        <section class=\"quickSearchResults\" data-bind=\"html: results\"></section>\n    </div>\n</div>\n<div class=\"emthemesModez-overlay\"></div>\n\n{{{region name=\"header_bottom--global\"}}}\n{{{region name=\"header_bottom\"}}}\n\n{{#if theme_settings.bannerAfterHeader '===' 'all'}}\n    <div data-emthemesmodez-remote-banner=\"emthemesModezBannersBlockAfterHeader\"></div>\n{{else if theme_settings.bannerAfterHeader '===' 'nothome'}}\n    {{#if page_type '!==' 'default'}}\n        <div data-emthemesmodez-remote-banner=\"emthemesModezBannersBlockAfterHeader\"></div>\n    {{/if}}\n{{else if theme_settings.bannerAfterHeader '===' 'onlyhome'}}\n    {{#if banners.top_metadata}}\n        {{#each banners.top_metadata}}\n            {{#if (occurrences this.content 'emthemesModezBannersBlockAfterHeader') '!==' 0}}\n                {{{this.content}}}\n            {{/if}}\n        {{/each}}\n    {{/if}}\n{{/if}}\n","components/common/modal":"<div id=\"modal\" class=\"modal\" data-reveal data-prevent-quick-search-close>\n    <a href=\"#\" class=\"modal-close\" aria-label=\"{{lang 'common.close'}}\" role=\"button\">\n        <svg class=\"icon\"><use href=\"#icon-close\" /></svg>\n    </a>\n    <div class=\"modal-content\"></div>\n    <div class=\"loadingOverlay\"></div>\n</div>\n\n<div id=\"previewModal\" class=\"modal modal--large\" data-reveal>\n    <a href=\"#\" class=\"modal-close\" aria-label=\"{{lang 'common.close'}}\" role=\"button\">\n        <svg class=\"icon\"><use href=\"#icon-close\" /></svg>\n    </a>\n    <div class=\"modal-content\"></div>\n    <div class=\"loadingOverlay\"></div>\n</div>\n","components/common/navigation":"<nav class=\"navUser\">\n    \n    <ul class=\"navUser-section navUser-section--alt\">\n\n        {{#unless theme_settings.topHeader_account}}\n            <li class=\"navUser-item navUser-item--account\">\n                {{#if theme_settings.style '===' 'modern'}}\n                    <span class=\"navUser-item-icon navUser-item-accountIcon emthemesModez-icon-linear-user\"></span>\n                    <div class=\"navUser-actions\">\n                    {{#if customer}}\n                        <a class=\"navUser-action\" href=\"{{urls.account.index}}\">\n                            <span class=\"navUser-item-accountLabel\">{{lang 'common.account'}}</span>\n                        </a>\n                        <a class=\"navUser-action\" href=\"{{urls.auth.logout}}\">{{lang 'common.logout'}}</a>\n                    {{else}}\n                        <a class=\"navUser-action\" href=\"{{urls.auth.login}}\">\n                            <span class=\"navUser-item-loginLabel\">{{lang 'common.login'}}</span>\n                        </a>\n                        {{#if settings.account_creation_enabled}}\n                            <a class=\"navUser-action\" href=\"{{urls.auth.create_account}}\">{{lang 'common.sign_up'}}</a>\n                        {{/if}}\n                    {{/if}}\n                    </div>\n                {{else}}\n                    {{#if customer}}\n                        <a class=\"navUser-action\" href=\"{{urls.account.index}}\">\n                            <span class=\"navUser-item-icon navUser-item-accountIcon\"><svg class=\"icon\"><use href=\"#icon-user\" /></svg></span>\n                            <span class=\"navUser-item-accountLabel\">{{lang 'common.account'}}</span>\n                        </a>\n                        <a class=\"navUser-action\" href=\"{{urls.auth.logout}}\">{{lang 'common.logout'}}</a>\n                    {{else}}\n                        <a class=\"navUser-action\" href=\"{{urls.auth.login}}\">\n                            <span class=\"navUser-item-icon navUser-item-loginIcon\"><svg class=\"icon\"><use href=\"#icon-user\" /></svg></span>\n                            <span class=\"navUser-item-loginLabel\">{{lang 'common.login'}}</span>\n                        </a>\n                        {{#if settings.account_creation_enabled}}\n                            <span class=\"navUser-or\">{{lang 'common.or'}}</span> <a class=\"navUser-action\" href=\"{{urls.auth.create_account}}\">{{lang 'common.sign_up'}}</a>\n                        {{/if}}\n                    {{/if}}\n                {{/if}}\n            </li>\n        {{/unless}}\n\n        {{#all settings.show_wishlist theme_settings.navUser_wishlist}}\n            <li class=\"navUser-item\">\n                <a class=\"navUser-action navUser-action--wishlist\" href=\"{{urls.account.wishlists.all}}\" title=\"{{lang 'account.nav.wishlists'}}\">\n                    <span class=\"navUser-item-icon navUser-item-wishlistIcon\"><svg class=\"icon\"><use href=\"#icon-heart\" /></svg></span>\n                    <span class=\"navUser-item-wishlistLabel\">{{{lang 'account.nav.wishlists2'}}}</span>\n                </a>\n            </li>\n        {{/all}}\n        \n        {{#if customer.store_credit.value '>' 0}}\n            <li class=\"navUser-item\">\n                <a class=\"navUser-action navUser-action--storeCredit\"\n                   data-dropdown=\"storeCredit-dropdown\"\n                   data-options=\"align:bottom\"\n                   href=\"{{urls.cart}}\">\n                        <span class=\"navUser-action-divider\">{{lang 'common.store_credit_overview' credit=customer.store_credit.formatted}}</span>\n                </a>\n                <div class=\"dropdown-menu\" id=\"storeCredit-dropdown\" data-dropdown-content aria-hidden=\"true\">\n                    {{{lang 'common.store_credit' store_credit=customer.store_credit.formatted}}}\n                </div>\n            </li>\n        {{/if}}\n\n        <li class=\"navUser-item navUser-item--compare\">\n            <a class=\"navUser-action navUser-action--compare\" href=\"{{urls.compare}}\" data-compare-nav>{{lang 'common.compare'}} <span class=\"countPill countPill--positive countPill--alt\"></span></a>\n        </li>\n        \n        {{#if settings.gift_certificates_enabled}}\n            <li class=\"navUser-item\">\n                <a class=\"navUser-action navUser-action--giftCert\" href=\"{{urls.gift_certificate.purchase}}\" title=\"{{lang 'common.gift_cert'}}\">\n                    <span class=\"navUser-item-icon navUser-item-giftCertIcon\"><svg class=\"icon\"><use href=\"#icon-gift\" /></svg></span>\n                    <span class=\"navUser-item-giftCertLabel\">{{{lang 'common.gift_cert2'}}}</span>\n                </a>\n            </li>\n        {{/if}}\n\n        <li class=\"navUser-item navUser-item--recentlyViewed\">\n            <a class=\"navUser-action navUser-action--recentlyViewed\" href=\"#recently-viewed\" data-dropdown=\"recently-viewed-dropdown\" data-options=\"align:right\" title=\"{{lang 'account.nav.recently_viewed'}}\" style=\"display:none\">\n                <span class=\"navUser-item-icon navUser-item-recentlyViewedIcon\"><svg class=\"icon\"><use href=\"#icon-recent-list\" /></svg></span>\n                <span class=\"navUser-item-recentlyViewedLabel\">{{{lang 'account.nav.recently_viewed2'}}}</span>\n            </a>\n            <div class=\"dropdown-menu\" id=\"recently-viewed-dropdown\" data-dropdown-content aria-hidden=\"true\"></div>\n        </li>\n\n        <li class=\"navUser-item navUser-item--cart\">\n\n            <a\n                class=\"navUser-action navUser-action--cart\"\n                data-cart-preview\n                data-dropdown=\"cart-preview-dropdown\"\n                data-options=\"align:right\"\n                href=\"{{urls.cart}}\"\n                title=\"{{lang 'common.cart'}}\">\n                <span class=\"navUser-item-icon navUser-item-cartIcon\"><svg class=\"icon\"><use href=\"#icon-cart\" /></svg></span>\n                <span class=\"navUser-item-cartLabel\">{{lang 'common.cart'}}</span> <span class=\"countPill cart-quantity\"></span>\n            </a>\n\n            <div class=\"dropdown-menu\" id=\"cart-preview-dropdown\" data-dropdown-content aria-hidden=\"true\"></div>\n        </li>\n    </ul>\n</nav>\n","components/common/navigation-list":"{{#if children}}\n<a class=\"navPages-action has-subMenu {{#if menu_type '==' 'vertical'}}navPages-action--vertical{{/if}}\" href=\"{{url}}\"\n    {{#if menu_type '!=' 'vertical'}}data-instantload{{/if}}\n    {{#if id '==' category.id}}data-current-category{{/if}}\n    data-collapsible=\"navPages-{{id}}{{idSuffix}}\"\n    {{#if menu_type '!=' 'vertical'}}data-collapsible-disabled-breakpoint=\"medium\"{{/if}}\n    data-collapsible-disabled-state=\"open\"\n    data-collapsible-enabled-state=\"closed\">\n    {{name}} <i class=\"icon navPages-action-moreIcon\" aria-hidden=\"true\"><svg><use href=\"#icon-chevron-down\" /></svg></i>\n</a>\n<div class=\"navPage-subMenu\n        {{#if menu_type '==' 'vertical'}}\n            navPage-subMenu--vertical\n        {{else if menu_type '==' 'standard'}}\n            navPage-subMenu--standard\n        {{/if}}\n    \" id=\"navPages-{{id}}{{idSuffix}}\" aria-hidden=\"true\" tabindex=\"-1\">\n    {{#if theme_settings.navPages_banners}}\n        {{#if menu_type '==' 'mega'}}\n            <div class=\"navPage-subMenu-rightBanners\" data-emthemesmodez-remote-banner=\"emthemesModezBannersBlockMegaMenuRight{{@index}}\"></div>\n        {{/if}}\n    {{/if}}\n    <ul class=\"navPage-subMenu-list\">\n        <li class=\"navPage-subMenu-item\">\n            <a class=\"navPage-subMenu-action navPages-action\" href=\"{{url}}\" data-instantload>{{lang 'category.view_all.name' category=name}}</a>\n        </li>\n        {{#each children}}\n            <li class=\"navPage-subMenu-item\">\n                {{#if children}}\n                    <a\n                        class=\"navPage-subMenu-action navPages-action has-subMenu\"\n                        href=\"{{url}}\"\n                        {{#if ../../menu_type '!=' 'vertical'}}data-instantload{{/if}}\n                        {{#if id '==' ../../category.id}}data-current-category{{/if}}\n                        data-collapsible=\"navPages-{{id}}{{../../idSuffix}}\"\n                        {{#if ../../menu_type '!=' 'vertical'}}data-collapsible-disabled-breakpoint=\"medium\"{{/if}}\n                        data-collapsible-disabled-state=\"open\"\n                        data-collapsible-enabled-state=\"closed\">\n                        {{name}} <i class=\"icon navPages-action-moreIcon\" aria-hidden=\"true\"><svg><use href=\"#icon-chevron-down\" /></svg></i>\n                    </a>\n                    <ul class=\"navPage-childList\" id=\"navPages-{{id}}{{../../idSuffix}}\">\n                        <li class=\"navPage-childList-item\">\n                            <a class=\"navPage-childList-action navPages-action\" href=\"{{url}}\" data-instantload>{{lang 'category.view_all.name' category=name}}</a>\n                        </li>\n                        {{#each children}}\n                        <li class=\"navPage-childList-item\">\n                            {{> components/common/navigation-list-child \n                                    category_id=../../../category.id \n                                    idSuffix=../../../idSuffix \n                                    theme_settings=../../../theme_settings\n                                    menu_type=../../../menu_type}}\n                        </li>\n                        {{/each}}\n                    </ul>\n                {{else}}\n                    <a class=\"navPage-subMenu-action navPages-action\" href=\"{{url}}\" data-instantload {{#if id '==' ../../category.id}}data-current-category{{/if}}>{{name}}</a>\n                {{/if}}\n            </li>\n        {{/each}}\n    </ul>\n    {{#if theme_settings.navPages_banners}}\n        {{#if menu_type '==' 'mega'}}\n            <div class=\"navPage-subMenu-bottomBanners\" data-emthemesmodez-remote-banner=\"emthemesModezBannersBlockMegaMenuBottom{{@index}}\"></div>\n        {{/if}}\n    {{/if}}\n</div>\n{{else}}\n<a class=\"navPages-action\" href=\"{{url}}\" data-instantload {{#if id '==' category.id}}data-current-category{{/if}}>{{name}}</a>\n{{/if}}\n","components/common/navigation-list-child":"{{#if children}}\n    <a\n        class=\"navPage-childList-action navPages-action has-subMenu\" \n        href=\"{{url}}\"\n        {{#if menu_type '!=' 'vertical'}}data-instantload{{/if}}\n        {{#if id '==' category_id}}data-current-category{{/if}}\n        data-collapsible=\"navPages-{{id}}{{idSuffix}}\"\n        {{#if menu_type '!=' 'vertical'}}data-collapsible-disabled-breakpoint=\"medium\"{{/if}}\n        data-collapsible-disabled-state=\"open\"\n        data-collapsible-enabled-state=\"closed\">\n        {{name}} <i class=\"icon navPages-action-moreIcon\" aria-hidden=\"true\"><svg><use href=\"#icon-chevron-down\" /></svg></i>\n    </a>\n    <ul class=\"navPage-childList\" id=\"navPages-{{id}}{{idSuffix}}\">\n        <li class=\"navPage-childList-item\">\n            <a class=\"navPage-childList-action navPages-action\" data-instantload href=\"{{url}}\">{{lang 'category.view_all.name' category=name}}</a>\n        </li>\n        {{#each children}}\n            <li class=\"navPage-childList-item\">\n                {{> components/common/navigation-list-child \n                    category_id=../category_id \n                    idSuffix=../idSuffix \n                    theme_settings=../theme_settings\n                    menu_type=../menu_type}}\n            </li>\n        {{/each}}\n    </ul>\n{{else}}\n    <a class=\"navPage-childList-action navPages-action\" data-instantload href=\"{{url}}\" {{#if id '==' category_id}}data-current-category{{/if}}>{{name}}</a>\n{{/if}}\n","components/common/navigation-menu":"<nav class=\"navPages\">\n\n    {{#if theme_settings.navPages_categoriesMenu '===' 'group'}}\n        <div class=\"emthemesModez-navPages-verticalCategories-container\">\n            <a class=\"navPages-action has-subMenu\" data-collapsible=\"emthemesModez-verticalCategories\"\n                data-collapsible-disabled-breakpoint=\"medium\"\n                data-collapsible-disabled-state=\"open\"\n                data-collapsible-enabled-state=\"closed\">{{theme_settings.navPages_categoriesItem_text}}</a>\n            <div class=\"emthemesModez-verticalCategories {{#if theme_settings.homepage_expand_categories_menu}}{{#if template '===' 'pages/home'}}emthemesModez-verticalCategories--open{{/if}}{{/if}}\" id=\"emthemesModez-verticalCategories\" data-emthemesmodez-fix-height=\"emthemesModez-section1-container\" aria-hidden=\"true\">\n                <ul class=\"navPages-list navPages-list--categories\">\n\n                    {{#if theme_settings.navPages_standard}}\n                        {{#each categories}}\n                            <li class=\"navPages-item navPages-item--standard\">\n                                {{> components/common/navigation-list theme_settings=../theme_settings menu_type='standard'}}\n                            </li>\n                        {{/each}}\n                    {{else}}\n                        {{#each categories}}\n                            <li class=\"navPages-item\">\n                                {{> components/common/navigation-list theme_settings=../theme_settings menu_type='mega'}}\n                            </li>\n                        {{/each}}\n                    {{/if}}\n                    \n                </ul>\n            </div>\n        </div>\n    {{else}}\n        <ul class=\"navPages-list navPages-list--categories\">\n            {{#if theme_settings.navPages_standard}}\n                {{#each categories}}\n                    <li class=\"navPages-item navPages-item--standard\">\n                        {{> components/common/navigation-list theme_settings=../theme_settings menu_type='standard'}}\n                    </li>\n                {{/each}}\n            {{else}}\n                {{#each categories}}\n                    <li class=\"navPages-item\">\n                        {{> components/common/navigation-list theme_settings=../theme_settings menu_type='mega'}}\n                    </li>\n                {{/each}}\n            {{/if}}\n        </ul>\n    {{/if}}\n    \n    \n    {{#unless theme_settings.hide_content_navigation}}\n        {{#unless theme_settings.manual_content_nav}}\n        <ul class=\"navPages-list\">\n            {{#each pages}}\n                <li class=\"navPages-item\">\n                    {{> components/common/navigation-page-list index=@index}}\n                </li>\n            {{/each}}\n        </ul>\n        {{else}}\n        <div data-emthemesmodez-remote-banner=\"emthemesModezBannersBlockStaticNavPages\"></div>\n        {{/unless}}\n    {{/unless}}\n    <ul class=\"navPages-list navPages-list--user\">\n        {{#if currency_selector.currencies.length '>' 1}}\n            <li class=\"navPages-item\">\n                <a class=\"navPages-action has-subMenu\" href=\"#\" data-collapsible=\"navPages-currency\" aria-controls=\"navPages-currency\" aria-expanded=\"false\">\n                    {{{lang 'common.currency' code=currency_selector.active_currency_code}}} <i class=\"icon navPages-action-moreIcon\" aria-hidden=\"true\"><svg><use href=\"#icon-chevron-down\"></use></svg></i>\n                </a>\n                <div class=\"navPage-subMenu\" id=\"navPages-currency\" aria-hidden=\"true\" tabindex=\"-1\">\n                    <ul class=\"navPage-subMenu-list\">\n                        {{#each currency_selector.currencies}}\n                        <li class=\"navPage-subMenu-item\">\n                            <a class=\"navPage-subMenu-action navPages-action\" href=\"{{{switch_url}}}\"\n                                data-currency-code=\"{{{code}}}\"\n                                {{#if cart_currency_switch_url.length '>' 0}}\n                                data-cart-currency-switch-url=\"{{{cart_currency_switch_url}}}\"\n                                {{/if}}\n                                data-warning=\"{{lang 'common.currency_switch_promotion'}}\">\n                                {{#if is_active}}\n                                    <strong>{{name}}</strong>\n                                {{else}}\n                                    {{name}}\n                                {{/if}}\n                            </a>\n                        </li>\n                        {{/each}}\n                    </ul>\n                </div>\n            </li>\n        {{/if}}\n        {{#if settings.gift_certificates_enabled}}\n            <li class=\"navPages-item\">\n                <a class=\"navPages-action\" href=\"{{urls.gift_certificate.purchase}}\">{{lang 'common.gift_cert'}}</a>\n            </li>\n        {{/if}}\n        {{#if customer.store_credit.value '>' 0}}\n            <li class=\"navPages-item\">\n                <a class=\"navPages-action navPages-action--storeCredit\">\n                    {{lang 'common.store_credit_overview' credit=customer.store_credit.formatted}}\n                </a>\n            </li>\n        {{/if}}\n        {{#if theme_settings.product_list_display_mode '==' 'list'}}\n            <li class=\"navPages-item\">\n                <a class=\"navPages-action navPages-action--compare\" href=\"{{urls.compare}}\" data-compare-nav>{{lang 'common.compare'}} <span class=\"countPill countPill--positive countPill--alt\"></span></a>\n            </li>\n        {{/if}}\n        {{#if customer}}\n            <li class=\"navPages-item\">\n                <a class=\"navPages-action has-subMenu\" href=\"{{urls.account.index}}\" data-collapsible=\"navPages-account\">\n                    {{lang 'common.account'}} <i class=\"icon navPages-action-moreIcon\" aria-hidden=\"true\"><svg><use href=\"#icon-chevron-down\" /></svg></i>\n                </a>\n                <div class=\"navPage-subMenu\" id=\"navPages-account\" aria-hidden=\"true\" tabindex=\"-1\">\n                    <ul class=\"navPage-subMenu-list\">\n                        <li class=\"navPage-subMenu-item\">\n                            <a class=\"navPage-subMenu-action navPages-action\" href=\"{{urls.account.orders.all}}\">{{lang 'account.nav.orders'}}</a>\n                        </li>\n                        {{#if settings.returns_enabled}}\n                            <li class=\"navPage-subMenu-item\">\n                                <a class=\"navPage-subMenu-action navPages-action\" href=\"{{urls.account.returns}}\">{{lang 'account.nav.returns'}}</a>\n                            </li>\n                        {{/if}}\n                        <li class=\"navPage-subMenu-item\">\n                            <a class=\"navPage-subMenu-action navPages-action\" href=\"{{urls.account.inbox}}\">{{lang 'account.mobile_nav.messages'}}</a>\n                        </li>\n                        <li class=\"navPage-subMenu-item\">\n                            <a class=\"navPage-subMenu-action navPages-action\" href=\"{{urls.account.addresses}}\">{{lang 'account.nav.addresses'}}</a>\n                        </li>\n                        {{#if settings.show_payment_methods}}\n                            <li class=\"navPage-subMenu-item\">\n                                <a class=\"navPage-subMenu-action navPages-action\" href=\"{{urls.account.payment_methods.all}}\">{{lang 'account.nav.payment_methods'}}</a>\n                            </li>\n                        {{/if}}\n                        <li class=\"navPage-subMenu-item\">\n                            <a class=\"navPage-subMenu-action navPages-action\" href=\"{{urls.account.wishlists.all}}\">{{lang 'account.mobile_nav.wishlists'}}</a>\n                        </li>\n                        <li class=\"navPage-subMenu-item\">\n                            <a class=\"navPage-subMenu-action navPages-action\" href=\"{{urls.account.recent_items}}\">{{lang 'account.nav.recently_viewed'}}</a>\n                        </li>\n                        <li class=\"navPage-subMenu-item\">\n                            <a class=\"navPage-subMenu-action navPages-action\" href=\"{{urls.account.details}}\">{{lang 'account.nav.settings'}}</a>\n                        </li>\n                    </ul>\n                </div>\n            </li>\n            <li class=\"navPages-item\">\n                <a class=\"navPages-action\" href=\"{{urls.auth.logout}}\">{{lang 'common.logout'}}</a>\n            </li>\n        {{else}}\n            <li class=\"navPages-item\">\n                <a class=\"navPages-action\" href=\"{{urls.auth.login}}\">{{lang 'common.login'}}</a>\n                {{#if settings.account_creation_enabled}}\n                    <a class=\"navPages-action\" href=\"{{urls.auth.create_account}}\">{{lang 'common.sign_up'}}</a>\n                {{/if}}\n            </li>\n        {{/if}}\n    </ul>\n\n    {{#if theme_settings.social_icon_placement_top}}\n    <div class=\"navPages-socials\">\n        {{> components/common/social-links style=\"dark\"}}\n    </div>\n    {{/if}}\n</nav>\n","components/common/navigation-page-list":"{{#if children}}\n<a class=\"navPages-action has-subMenu\" href=\"{{url}}\" \n    data-instantload\n    data-collapsible=\"navPages-page-{{@index}}\"\n    data-collapsible-disabled-breakpoint=\"medium\"\n    data-collapsible-disabled-state=\"open\"\n    data-collapsible-enabled-state=\"closed\">\n    {{name}} <i class=\"icon navPages-action-moreIcon\" aria-hidden=\"true\"><svg><use href=\"#icon-chevron-down\" /></svg></i>\n</a>\n<div class=\"navPage-subMenu navPage-subMenu--standard\" id=\"navPages-page-{{@index}}\" aria-hidden=\"true\" tabindex=\"-1\">\n    <ul class=\"navPage-subMenu-list\">\n        <li class=\"navPage-subMenu-item\">\n            <a class=\"navPage-subMenu-action navPages-action\" data-instantload href=\"{{url}}\">{{name}}</a>\n        </li>\n        {{#each children}}\n            <li class=\"navPage-subMenu-item\">\n                {{#if children}}\n                    <a\n                        class=\"navPage-subMenu-action navPages-action has-subMenu\"\n                        href=\"{{url}}\"\n                        data-instantload\n                        data-collapsible=\"navPages-page-{{../../index}}-{{@index}}\"\n                        data-collapsible-disabled-breakpoint=\"medium\"\n                        data-collapsible-disabled-state=\"open\"\n                        data-collapsible-enabled-state=\"closed\">\n                        {{name}} <i class=\"icon navPages-action-moreIcon\" aria-hidden=\"true\"><svg><use href=\"#icon-chevron-down\" /></svg></i>\n                    </a>\n                    <ul class=\"navPage-childList\" id=\"navPages-page-{{../../index}}-{{@index}}\">\n                        <li class=\"navPage-childList-item\">\n                            <a class=\"navPage-childList-action navPages-action\" data-instantload href=\"{{url}}\">{{name}}</a>\n                        </li>\n                        {{#each children}}\n                        <li class=\"navPage-childList-item\">\n                            <a class=\"navPage-childList-action navPages-action\" data-instantload href=\"{{url}}\">{{name}}</a>\n                        </li>\n                        {{/each}}\n                    </ul>\n                {{else}}\n                    <a class=\"navPage-subMenu-action navPages-action\" data-instantload href=\"{{url}}\">{{name}}</a>\n                {{/if}}\n            </li>\n        {{/each}}\n    </ul>\n</div>\n{{else}}\n<a class=\"navPages-action\" data-instantload href=\"{{url}}\">{{name}}</a>\n{{/if}}\n","components/common/navigation-top":"<nav class=\"navUser navUser--storeInfo\">\n    <ul class=\"navUser-section\">\n        {{#if theme_settings.show_welcome_text}}\n        <li class=\"navUser-item\">\n            <span class=\"navUser-welcome\">{{{lang 'emthemesmodez.top_nav.welcome_text' store_name=settings.store_name}}}</span>\n        </li>\n        {{/if}}\n        {{#if theme_settings.topHeader_banner1}}\n        <li class=\"navUser-item\">\n            <div data-emthemesmodez-remote-banner=\"emthemesModezBannersBlockTopHeaderBanner01\"></div>\n        </li>\n        {{/if}}\n    </ul>\n</nav>\n\n<nav class=\"navUser\">\n\n    {{#if theme_settings.topHeader_banner2}}\n        <div data-emthemesmodez-remote-banner=\"emthemesModezBannersBlockTopHeaderBanner02\"></div>\n    {{/if}}\n\n    {{#or customer (unless settings.hide_price_from_guests)}}\n        {{> components/common/currency-selector}}\n    {{/or}}\n\n    {{#or theme_settings.topHeader_address theme_settings.topHeader_phone theme_settings.topHeader_account}}\n    <ul class=\"navUser-section\">\n        \n        {{#if settings.address}}\n        {{#if theme_settings.topHeader_address}}\n        <li class=\"navUser-item\">\n            <span class=\"navUser-action\">\n                <span class=\"navUser-item-icon {{lang 'emthemesmodez.top_nav.icon_class1'}}\"></span>\n                <span>{{{lang 'emthemesmodez.top_nav.text1' address=settings.address phone_number=settings.phone_number}}}</span>\n            </span>\n        </li>\n        {{/if}}\n        {{/if}}\n\n        {{#if settings.phone_number}}\n        {{#if theme_settings.topHeader_phone}}\n        <li class=\"navUser-item\">\n            <a class=\"navUser-action\" href=\"tel:{{settings.phone_number}}\">\n                <span class=\"navUser-item-icon {{lang 'emthemesmodez.top_nav.icon_class2'}}\"></span>\n                <span>{{{lang 'emthemesmodez.top_nav.text2' address=settings.address phone_number=settings.phone_number}}}</span>\n            </a>\n        </li>\n        {{/if}}\n        {{/if}}\n\n        {{#if theme_settings.topHeader_account}}\n        <li class=\"navUser-item navUser-item--account\">\n            {{#if customer}}\n                <a class=\"navUser-action\" href=\"{{urls.account.index}}\">\n                    <span class=\"navUser-item-icon navUser-item-accountIcon emthemesModez-icon-linear-user\"></span>\n                    <span class=\"navUser-item-accountLabel\">{{lang 'common.account'}}</span>\n                </a>\n                <a class=\"navUser-action\" href=\"{{urls.auth.logout}}\">{{lang 'common.logout'}}</a>\n            {{else}}\n                <a class=\"navUser-action\" href=\"{{urls.auth.login}}\">\n                    <span class=\"navUser-item-icon navUser-item-loginIcon emthemesModez-icon-linear-user\"></span>\n                    <span class=\"navUser-item-loginLabel\">{{lang 'common.login'}}</span>\n                </a>\n                {{#if settings.account_creation_enabled}}\n                    <span class=\"navUser-or\">{{lang 'common.or'}}</span> <a class=\"navUser-action\" href=\"{{urls.auth.create_account}}\">{{lang 'common.sign_up'}}</a>\n                {{/if}}\n            {{/if}}\n        </li>\n        {{/if}}\n    </ul>\n    {{/or}}\n</nav>","components/common/payment-icons":"{{#with theme_settings}}\n    {{#or show_accept_amex show_accept_discover show_accept_mastercard show_accept_paypal show_accept_visa}}\n        <div class=\"footer-payment-icons\">\n            {{#if show_accept_amex}}\n                <svg class=\"footer-payment-icon\"><use href=\"#icon-logo-american-express{{#if payment_icons_style}}{{#if payment_icons_style '!=' 'flat'}}-{{payment_icons_style}}{{/if}}{{/if}}\"></use></svg>\n            {{/if}}\n            {{#if show_accept_discover}}\n                <svg class=\"footer-payment-icon\"><use href=\"#icon-logo-discover{{#if payment_icons_style}}{{#if payment_icons_style '!=' 'flat'}}-{{payment_icons_style}}{{/if}}{{/if}}\"></use></svg>\n            {{/if}}\n            {{#if show_accept_mastercard}}\n                <svg class=\"footer-payment-icon\"><use href=\"#icon-logo-mastercard{{#if payment_icons_style}}{{#if payment_icons_style '!=' 'flat'}}-{{payment_icons_style}}{{/if}}{{/if}}\"></use></svg>\n            {{/if}}\n            {{#if show_accept_paypal}}\n                <svg class=\"footer-payment-icon\"><use href=\"#icon-logo-paypal{{#if payment_icons_style}}{{#if payment_icons_style '!=' 'flat'}}-{{payment_icons_style}}{{/if}}{{/if}}\"></use></svg>\n            {{/if}}\n            {{#if show_accept_visa}}\n                <svg class=\"footer-payment-icon\"><use href=\"#icon-logo-visa{{#if payment_icons_style}}{{#if payment_icons_style '!=' 'flat'}}-{{payment_icons_style}}{{/if}}{{/if}}\"></use></svg>\n            {{/if}}\n            {{#if show_accept_applepay}}\n                <svg class=\"footer-payment-icon\"><use href=\"#icon-logo-applepay{{#if payment_icons_style}}{{#if payment_icons_style '!=' 'flat'}}-{{payment_icons_style}}{{/if}}{{/if}}\"></use></svg>\n            {{/if}}\n            {{#if show_accept_amazon}}\n                <svg class=\"footer-payment-icon\"><use href=\"#icon-logo-amazon{{#if payment_icons_style}}{{#if payment_icons_style '!=' 'flat'}}-{{payment_icons_style}}{{/if}}{{/if}}\"></use></svg>\n            {{/if}}\n            {{#if show_accept_googlepay}}\n                <svg class=\"footer-payment-icon\"><use href=\"#icon-logo-googlepay{{#if payment_icons_style}}{{#if payment_icons_style '!=' 'flat'}}-{{payment_icons_style}}{{/if}}{{/if}}\"></use></svg>\n            {{/if}}\n            {{#if show_accept_klarna}}\n                <svg class=\"footer-payment-icon\"><use href=\"#icon-logo-klarna{{#if payment_icons_style}}{{#if payment_icons_style '!=' 'flat'}}-{{payment_icons_style}}{{/if}}{{/if}}\"></use></svg>\n            {{/if}}\n        </div>\n    {{/or}}\n{{/with}}\n","components/common/polyfill-script":"<script>\n    {{!--\n        Check for modern browser features, and load polyfills if browser does not appear to support features\n        we need.\n\n            Polyfill approach is all or nothing - please import needed polyfills in /assets/js/polyfills.js\n\n        Inspired by https://philipwalton.com/articles/loading-polyfills-only-when-needed/\n            --}}\n    function browserSupportsAllFeatures() {\n        return window.Promise\n            && window.fetch\n            && window.URL\n            && window.URLSearchParams\n            && window.WeakMap\n            // object-fit support\n            && ('objectFit' in document.documentElement.style);\n    }\n\n    function loadScript(src) {\n        var js = document.createElement('script');\n        js.src = src;\n        js.onerror = function () {\n            console.error('Failed to load polyfill script ' + src);\n        };\n        document.head.appendChild(js);\n    }\n\n    if (!browserSupportsAllFeatures()) {\n        loadScript('{{cdn 'assets/dist/theme-bundle.polyfills.js'}}');\n    }\n</script>\n","components/common/quick-search":"<div class=\"emthemesModez-quickSearch{{#if style}} emthemesModez-quickSearch--{{style}}{{/if}}\" data-prevent-quick-search-close>\n    {{{ snippet \"forms_search\"}}}\n    <form class=\"form\" action=\"{{urls.search}}\">\n        <fieldset class=\"form-fieldset\">\n            <div class=\"form-field\">\n                <label class=\"is-srOnly\" for=\"search_query{{#if style '===' 'mobileOnly'}}_mobile{{/if}}\">{{lang \"search.quick_search.input_label\"}}</label>\n                <div class=\"form-prefixPostfix wrap\">\n                    <input class=\"form-input\" data-search-quick name=\"search_query\" id=\"search_query{{#if style '===' 'mobileOnly'}}_mobile{{/if}}\" data-error-message=\"{{lang 'search.error.empty_field'}}\" placeholder=\"{{lang 'search.quick_search.input_placeholder'}}\" autocomplete=\"off\">\n                    <input type=\"submit\" class=\"button button--primary form-prefixPostfix-button--postfix\" value=\"{{lang 'common.search'}}\" />\n                </div>\n            </div>\n        </fieldset>\n    </form>\n</div>","components/common/search-box":"{{{ snippet \"forms_search\"}}}\n<form class=\"form\"  action=\"{{urls.search}}\">\n    <fieldset class=\"form-fieldset\">\n        <div class=\"form-field\">\n            <label class=\"form-label is-srOnly\" for=\"search_query_adv\">{{lang 'search.results.form_label'}}</label>\n            <div class=\"form-prefixPostfix wrap\">\n                <input class=\"form-input\" id=\"search_query_adv\" name=\"search_query_adv\" value=\"{{forms.search.query}}\">\n                <input class=\"button button--primary form-prefixPostfix-button--postfix\" type=\"submit\" value=\"{{lang 'search.results.form_button_text'}}\">\n            </div>\n        </div>\n    </fieldset>\n</form>\n","components/common/social-links":"{{#if social_media}}\n    <ul class=\"socialLinks {{#if style}}socialLinks--{{style}}{{/if}}\">\n        {{#each social_media}}\n            <li class=\"socialLinks-item\">\n                <a class=\"icon icon--{{display_name}}\"\n                    href=\"{{url}}\"\n                    target=\"_blank\"\n                    rel=\"noopener\"\n                    title=\"{{{capitalize display_name}}}\"\n                 >\n                     <span class=\"aria-description--hidden\">{{{capitalize display_name}}}</span>\n                     <svg>\n                         <use href=\"#icon-{{display_name}}\"/>\n                     </svg>\n                </a>\n            </li>\n        {{/each}}\n    </ul>\n{{/if}}\n","components/common/store-logo":"<a href=\"{{urls.home}}\" data-instantload='{\"page\":\"home\"}'>\n    {{#if settings.store_logo.image}}\n        {{#if theme_settings.logo_size '===' 'original'}}\n            <img class=\"header-logo-image-unknown-size\" src=\"{{getImage settings.store_logo.image 'logo_size'}}\" alt=\"{{settings.store_logo.title}}\" title=\"{{settings.store_logo.title}}\">\n        {{else}}\n            <div class=\"header-logo-image-container\">\n                <img class=\"header-logo-image\" src=\"{{getImage settings.store_logo.image 'logo_size'}}\" srcset=\"{{getImageSrcset settings.store_logo.image 1x=theme_settings.logo_size 2x=(concat (multiply (first (split theme_settings.logo_size 'x')) 2) 'w')}}\" alt=\"{{settings.store_logo.title}}\" title=\"{{settings.store_logo.title}}\">\n            </div>\n        {{/if}}\n    {{else}}\n        <span class=\"header-logo-text\">{{settings.store_logo.title}}</span>\n    {{/if}}\n</a>\n","components/common/subscription-form":"<h5 class=\"footer-info-heading\">{{lang 'newsletter.subscribe'}}</h5>\n{{#if settings.show_newsletter_summary}}\n    <p>{{settings.newsletter_summary}}</p>\n{{/if}}\n\n<form class=\"form\" action=\"{{urls.subscribe.action}}\" method=\"post\">\n    <fieldset class=\"form-fieldset\">\n        <input type=\"hidden\" name=\"action\" value=\"subscribe\">\n        <input type=\"hidden\" name=\"nl_first_name\" value=\"bc\">\n        <input type=\"hidden\" name=\"check\" value=\"1\">\n        <div class=\"form-field\">\n            <label class=\"form-label is-srOnly\" for=\"nl_email\">{{lang 'common.email_address'}}</label>\n            <div class=\"form-prefixPostfix wrap\">\n                <input class=\"form-input form-prefixPostfix-input\" id=\"nl_email\" name=\"nl_email\" type=\"email\" value=\"{{customer.email}}\" placeholder=\"{{lang 'newsletter.email_placeholder'}}\" aria-required=\"true\" required>\n                <input class=\"button form-prefixPostfix-button--postfix\" type=\"submit\" value=\"{{lang 'newsletter.subscribe_submit'}}\">\n            </div>\n        </div>\n    </fieldset>\n</form>\n","components/emthemes-modez/common/footer-links":"<article class=\"footer-info-col\" data-section-type=\"footer-webPages\">\n    <h5 class=\"footer-info-heading\">{{lang (concat (concat 'emthemesmodez.footer.links_col_' index) '.heading')}}</h5>\n    <ul class=\"footer-info-list\">\n        {{> components/emthemes-modez/common/footer-links-item langPrefix=(concat (concat 'emthemesmodez.footer.links_col_' index) '.row_1') }}\n        {{> components/emthemes-modez/common/footer-links-item langPrefix=(concat (concat 'emthemesmodez.footer.links_col_' index) '.row_2') }}\n        {{> components/emthemes-modez/common/footer-links-item langPrefix=(concat (concat 'emthemesmodez.footer.links_col_' index) '.row_3') }}\n        {{> components/emthemes-modez/common/footer-links-item langPrefix=(concat (concat 'emthemesmodez.footer.links_col_' index) '.row_4') }}\n        {{> components/emthemes-modez/common/footer-links-item langPrefix=(concat (concat 'emthemesmodez.footer.links_col_' index) '.row_5') }}\n        {{> components/emthemes-modez/common/footer-links-item langPrefix=(concat (concat 'emthemesmodez.footer.links_col_' index) '.row_6') }}\n        {{> components/emthemes-modez/common/footer-links-item langPrefix=(concat (concat 'emthemesmodez.footer.links_col_' index) '.row_7') }}\n        {{> components/emthemes-modez/common/footer-links-item langPrefix=(concat (concat 'emthemesmodez.footer.links_col_' index) '.row_8') }}\n        {{> components/emthemes-modez/common/footer-links-item langPrefix=(concat (concat 'emthemesmodez.footer.links_col_' index) '.row_9') }}\n        {{> components/emthemes-modez/common/footer-links-item langPrefix=(concat (concat 'emthemesmodez.footer.links_col_' index) '.row_10') }}\n    </ul>\n</article>","components/emthemes-modez/common/footer-links-item":"{{#if (lang (concat langPrefix '.title')) '!=' ' '}}\n\t<li><a href=\"{{lang (concat langPrefix '.url')}}\">{{lang (concat langPrefix '.title')}}</a></li>\n{{/if}}","components/emthemes-modez/newsletter/modal":"<div id=\"newsletterPopupModal\" class=\"modal modal--newsletter\" data-reveal data-prevent-quick-search-close>\n    <a href=\"#\" class=\"modal-close\" aria-label=\"{{lang 'common.close'}}\" role=\"button\">\n        <svg class=\"icon\"><use href=\"#icon-close\" /></svg>\n    </a>\n    <div class=\"modal-content\"></div>\n    <div class=\"loadingOverlay\"></div>\n</div>","components/emthemes-modez/newsletter/section":"<div class=\"emthemesModez-newsletterSection{{#if theme_settings.social_icon_placement_bottom}} emthemesModez-newsletterSection--hasSocials{{/if}}\">\n    <article class=\"emthemesModez-newsletterForm\" data-section-type=\"newsletterSubscription\">\n        {{> components/common/subscription-form}}\n    </article>\n</div>","components/papa-supermarket/common/cssrelpreload":"<script>!function(n){\"use strict\";n.loadCSS||(n.loadCSS=function(){});var o=loadCSS.relpreload={};if(o.support=function(){var e;try{e=n.document.createElement(\"link\").relList.supports(\"preload\")}catch(t){e=!1}return function(){return e}}(),o.bindMediaToggle=function(t){var e=t.media||\"all\";function a(){t.addEventListener?t.removeEventListener(\"load\",a):t.attachEvent&&t.detachEvent(\"onload\",a),t.setAttribute(\"onload\",null),t.media=e}t.addEventListener?t.addEventListener(\"load\",a):t.attachEvent&&t.attachEvent(\"onload\",a),setTimeout(function(){t.rel=\"stylesheet\",t.media=\"only x\"}),setTimeout(a,3e3)},o.poly=function(){if(!o.support())for(var t=n.document.getElementsByTagName(\"link\"),e=0;e<t.length;e++){var a=t[e];\"preload\"!==a.rel||\"style\"!==a.getAttribute(\"as\")||a.getAttribute(\"data-loadcss\")||(a.setAttribute(\"data-loadcss\",!0),o.bindMediaToggle(a))}},!o.support()){o.poly();var t=n.setInterval(o.poly,500);n.addEventListener?n.addEventListener(\"load\",function(){o.poly(),n.clearInterval(t)}):n.attachEvent&&n.attachEvent(\"onload\",function(){o.poly(),n.clearInterval(t)})}\"undefined\"!=typeof exports?exports.loadCSS=loadCSS:n.loadCSS=loadCSS}(\"undefined\"!=typeof global?global:this);</script>","components/papa-supermarket/common/global-vars":"{{#if theme_settings.csspreload}}\n    {{#if settings.request.is_crawler}}\n        {{assignVar 'isCrawlerAndSpeedTestMode' 1}}\n    {{/if}}\n{{/if}}\n{{assignVar 'productCardImageSizeAttrs' (get 'string' (concat 'width=' (join (split theme_settings.productgallery_size 'x') ' height=')))}}","components/papa-supermarket/common/load-scripts":"{{#unless settings.request.is_crawler}}\n    {{{scripts}}}\n{{/unless}}\n","layout/base":"<!DOCTYPE html>\r\n<html class=\"no-js\" lang=\"{{ locale_name }}\">\r\n    {{> components/papa-supermarket/common/global-vars}}\r\n    <head>\r\n\r\n        <title>{{ head.title }}</title>\r\n        {{{ resourceHints }}}\r\n        {{{ head.meta_tags }}}\r\n        {{{ head.config }}}\r\n        {{#block \"head\"}} {{/block}}\r\n\r\n        <link href=\"{{ head.favicon }}\" rel=\"shortcut icon\">\r\n        <meta name=\"viewport\" content=\"width=device-width, initial-scale=1, maximum-scale=1\">\r\n\r\n        <script>\r\n            {{!-- Change document class from no-js to js so we can detect this in css --}}\r\n            document.documentElement.className = document.documentElement.className.replace('no-js', 'js');\r\n        </script>\r\n        {{> components/common/polyfill-script }}\r\n        <script>window.consentManagerTranslations = `{{{langJson 'consent_manager'}}}`;</script>\r\n        \r\n        {{!-- Load Lazysizes script ASAP so images will appear --}}\r\n        <script>\r\n            {{!-- Only load visible elements until the onload event fires, after which preload nearby elements. --}}\r\n            window.lazySizesConfig = window.lazySizesConfig || {};\r\n            window.lazySizesConfig.loadMode = 1;\r\n        </script>\r\n        <script async src=\"{{cdn 'assets/dist/theme-bundle.head_async.js' resourceHint='preload' as='script'}}\"></script>\r\n\r\n        {{#if theme_settings.csspreload '===' 'performance'}}\r\n            <script>document.write('{{{ getFontsCollection }}}'.replace('rel=\"stylesheet\"', 'rel=\"preload\" as=\"style\" onload=\"this.onload=null;this.rel=\\'stylesheet\\'\"'));</script>\r\n            <noscript>{{ getFontsCollection }}</noscript>\r\n\r\n            {{{stylesheet '/assets/css/theme.css'}}}\r\n\r\n            <script>\r\n                window.lazySizesConfig.loadHidden = false;\r\n                window.lazySizesConfig.expand = 0;\r\n            </script>\r\n            {{> components/papa-supermarket/common/cssrelpreload}}\r\n            {{{head.scripts}}}\r\n        {{else if theme_settings.csspreload '===' 'speedtest'}}\r\n            <script>\r\n                (function() {\r\n                    var el = document.createElement('head');\r\n                    el.innerHTML = '{{{getFontsCollection}}}'.replace('rel=\"stylesheet\"', 'rel=\"preload\" as=\"style\" onload=\"this.onload=null;this.rel=\\'stylesheet\\'\"');\r\n                    el.children && el.children[0] && document.head.appendChild(el.children[0]);\r\n                })();\r\n            </script>\r\n            <noscript>{{ getFontsCollection }}</noscript>\r\n\r\n            {{{stylesheet '/assets/css/theme.css'}}}\r\n\r\n            <script>\r\n                window.lazySizesConfig.loadHidden = false;\r\n                window.lazySizesConfig.expand = 0;\r\n            </script>\r\n            {{> components/papa-supermarket/common/cssrelpreload}}\r\n            {{> components/papa-supermarket/common/load-scripts scripts=head.scripts}}\r\n        {{else}}\r\n            {{getFontsCollection font-display='block'}}\r\n            <script async src=\"{{cdn 'assets/dist/theme-bundle.font.js' resourceHint='preload' as='script'}}\"></script>\r\n            {{{stylesheet '/assets/css/theme.css'}}}\r\n            {{{head.scripts}}}\r\n        {{/if}}\r\n\r\n        {{~inject 'themeSettings' theme_settings}}\r\n        {{~inject 'genericError' (lang 'common.generic_error')}}\r\n        {{~inject 'urls' urls}}\r\n        {{~inject 'secureBaseUrl' settings.secure_base_url}}\r\n        {{~inject 'cartId' cart_id}}\r\n        {{~inject 'template' template}}\r\n        {{~inject 'pageType' page_type}}\r\n        {{~inject 'validationDictionaryJSON' (langJson 'validation_messages')}}\r\n        {{~inject 'validationFallbackDictionaryJSON' (langJson 'validation_fallback_messages')}}\r\n        {{~inject 'validationDefaultDictionaryJSON' (langJson 'validation_default_messages')}}\r\n        {{~inject 'ajaxAddToCartEnterQty' (lang 'bulk_order.validate.enter_qty')}}\r\n        {{~inject 'bulkOrderEnterQty' (lang 'bulk_order.validate.enter_qty')}}\r\n        {{~inject 'compareAddonLang_compare' (lang 'common.compare')}}\r\n        {{~inject 'compareAddonLang_quick_view' (lang 'products.quick_view')}}\r\n        {{~inject 'compareAddonLang_remove' (lang 'compare.remove')}}\r\n        {{~inject 'compareAddonLang_clear_all' (lang 'compare.clear_all')}}\r\n        {{~inject 'categoryId' category.id}}\r\n        {{#if theme_settings.navPages_autoFit}}\r\n            {{~inject 'txtNavMore' (lang 'common.nav_more')}}\r\n        {{/if}}\r\n        {{~inject 'customerRecentlyViewedProductIds' (pluck customer.recently_viewed_products.items 'id')}}\r\n        {{~inject 'customerId' customer.id}}\r\n        {{~inject 'graphQLToken' settings.storefront_api.token}}\r\n        {{~inject 'currencyCode' currency_selector.active_currency_code}}\r\n        {{~inject 'isCrawlerAndSpeedTestMode' (getVar 'isCrawlerAndSpeedTestMode')}}\r\n        {{~inject 'hidePriceFromGuests' settings.hide_price_from_guests}}\r\n        {{~inject 'outOfStockDefaultMessage' (lang 'products.out_of_stock_default_message')}}\r\n        {{{snippet 'htmlhead'}}}\r\n\r\n        {{#block \"head-last\"}} {{/block}}\r\n    </head>\r\n    <body class=\"csscolumns papaSupermarket-layout--{{theme_settings.layout}} \r\n        papaSupermarket-style--{{theme_settings.style}}\r\n        papaSupermarket-pageType--{{dashcase page_type}} \r\n        papaSupermarket-page--{{dashcase template}} \r\n        {{#if theme_settings.product_uniform}}emthemesModez-productUniform{{/if}}\r\n        {{#if theme_settings.hide_content_navigation}}papaSupermarket--hideContentNav{{/if}}\r\n        {{#if theme_settings.show_allcategories_menu}}papaSupermarket--showAllCategoriesMenu{{/if}}\r\n        {{#if theme_settings.show_subcategories_menu}}papaSupermarket--showSubcategoriesMenu{{/if}}\r\n        {{#if product_results.faceted_search_enabled}}has-faceted{{/if}}\r\n        {{#if category.faceted_search_enabled}}has-faceted{{/if}}\r\n        {{#if brands.faceted_search_enabled}}has-faceted{{/if}}\r\n        {{#if brand.faceted_search_enabled}}has-faceted{{/if}}\r\n        {{#if result_count '>' 0}}has-result{{/if}}\r\n        \" id=\"topOfPage\">\r\n\r\n        {{#if theme_settings.fb_page '!==' ''}}\r\n        <!-- Facebook SDK -->\r\n        <div id=\"fb-root\"></div>\r\n        <script async defer crossorigin=\"anonymous\" src=\"https://connect.facebook.net/en_US/sdk.js#xfbml=1&version=v7.0&appId=378187145615477&autoLogAppEvents=1\" nonce=\"VinhY3Lb\"></script>\r\n        {{/if}}\r\n\r\n        {{{snippet 'header'}}}\r\n        <svg data-src=\"{{cdn 'img/icon-sprite.svg'}}\" class=\"icons-svg-sprite\"></svg>\r\n\r\n        {{> components/common/header }}\r\n        {{> components/common/body }}\r\n        {{> components/common/footer }}\r\n\r\n        <script>window.__webpack_public_path__ = \"{{cdn 'assets/dist/'}}\";</script>\r\n        <script src=\"{{cdn 'assets/dist/theme-bundle.main.js' resourceHint='preload' as='script'}}\"></script>\r\n        <script>\r\n            {{!-- Exported in app.js --}}\r\n            window.stencilBootstrap(\"{{page_type}}\", {{jsContext}}).load();\r\n        </script>\r\n\r\n        {{#if theme_settings.csspreload '===' 'speedtest'}}\r\n            {{> components/papa-supermarket/common/load-scripts scripts=footer.scripts}}\r\n        {{else}}\r\n            {{{footer.scripts}}}\r\n        {{/if}}\r\n        {{{snippet 'footer'}}}\r\n    </body>\r\n</html>\r\n","pages/errors/403":"{{#partial \"page\"}}\n\n<main class=\"page\">\n    <section class=\"page-content page-content--centered\">\n        {{> components/common/breadcrumbs breadcrumbs=breadcrumbs}}\n        <h1 class=\"page-heading u-textAlignCenter\">{{lang 'forbidden.page_heading'}}</h1>\n        <p class=\"u-textAlignCenter\">\n            {{lang 'forbidden.message'}}\n        </p>\n\n        {{> components/common/search-box}}\n    </section>\n</main>\n\n{{/partial}}\n{{> layout/base}}\n"}
