{"components/common/alert-error":"<div class=\"alertBox alertBox--error\">\n    <div class=\"alertBox-column alertBox-icon\">\n        <icon glyph=\"ic-error\" class=\"icon\" aria-hidden=\"true\"><svg xmlns=\"http://www.w3.org/2000/svg\" width=\"24\" height=\"24\" viewBox=\"0 0 24 24\"><path d=\"M12 2C6.48 2 2 6.48 2 12s4.48 10 10 10 10-4.48 10-10S17.52 2 12 2zm1 15h-2v-2h2v2zm0-4h-2V7h2v6z\"></path></svg></icon>\n    </div>\n    <p class=\"alertBox-column alertBox-message\">\n        <span>{{{this}}}</span>\n    </p>\n</div>\n","components/common/alert-success":"<div class=\"alertBox alertBox--success\">\n    <div class=\"alertBox-column alertBox-icon\">\n        <icon glyph=\"ic-success\" class=\"icon\" aria-hidden=\"true\"><svg xmlns=\"http://www.w3.org/2000/svg\" width=\"24\" height=\"24\" viewBox=\"0 0 24 24\"><path d=\"M12 2C6.48 2 2 6.48 2 12s4.48 10 10 10 10-4.48 10-10S17.52 2 12 2zm1 15h-2v-2h2v2zm0-4h-2V7h2v6z\"></path></svg></icon>\n    </div>\n    <p class=\"alertBox-column alertBox-message\">\n        <span>{{{this}}}</span>\n    </p>\n</div>\n","components/common/forms/multiline":"<div class=\"form-field\" id=\"{{id}}\" data-validation=\"{{validation}}\">\n    <label class=\"form-label\" for=\"{{id}}_input\">{{label}}\n        {{#if required}}\n            <small>{{lang 'common.required' }}</small>\n        {{/if}}\n    </label>\n    <textarea name=\"{{name}}\" id=\"{{id}}_input\" data-label=\"{{label}}\" rows=\"{{rows}}\" aria-required=\"{{required}}\" aria-labelledby=\"{{id}}\" aria-live=\"polite\" class=\"form-input\" {{#if private_id}}data-field-type=\"{{private_id}}\"{{/if}}>{{value}}</textarea>\n</div>\n","components/common/forms/text":"<div class=\"form-field\" id=\"{{id}}\" data-validation=\"{{validation}}\" {{#if private_id}}data-type=\"{{private_id}}\"{{/if}}>\n    <label class=\"form-label\" for=\"{{id}}_input\">{{label}}\n        {{#if required}}<small>{{lang 'common.required' }}</small>{{/if}}\n    </label>\n    <input type=\"text\" id=\"{{id}}_input\" data-label=\"{{label}}\" name=\"{{name}}\" {{#if value}} value=\"{{{sanitize value}}}\"{{/if}} {{#if placeholder}} placeholder=\"{{placeholder}}\"{{/if}} class=\"form-input\" aria-required=\"{{required}}\" aria-labelledby=\"{{id}}\" aria-live=\"polite\" {{#if private_id}}data-field-type=\"{{private_id}}\"{{/if}} {{#if maxlength}}maxlength=\"{{maxlength}}\"{{/if}}>\n</div>\n","components/common/login-for-pricing":"<a class=\"price--login\" href=\"/login.php\" translate>{{lang 'common.login_for_pricing'}}</a>\n","components/common/paginator":"{{#or previous links next}}\n<div class=\"pagination\">\n    {{#if total}}\n    {{#if start}}\n    {{#if end}}\n        <div class=\"pagination-info\">\n            {{#if end '>' total}}\n                {{{lang 'common.paginator.items_of' start=start end=total total=total}}}\n            {{else}}\n                {{{lang 'common.paginator.items_of' start=start end=end total=total}}}\n            {{/if}}\n        </div>\n    {{/if}}\n     {{/if}}\n     {{/if}}\n    <ul class=\"pagination-list\">\n        {{#if previous}}\n            <li class=\"pagination-item pagination-item--previous\">\n                <a class=\"pagination-link\"\n                    href=\"{{previous}}\"\n                    {{#if instantload}}data-instantload{{/if}}\n                    {{#unless reload}}data-faceted-search-facet{{/unless}}\n                    {{#if this.number '==' ../current}}\n                        aria-current=\"page\"\n                        data-pagination-current-page-link\n                    {{/if}}\n                >\n                    <i class=\"icon\" aria-hidden=\"true\">\n                        <svg>\n                            <use href=\"#icon-chevron-left\"></use>\n                        </svg>\n                    </i>\n                    {{lang 'common.previous'}}\n                </a>\n            </li>\n        {{/if}}\n        {{#each links}}\n            {{#if this.number '==' ../current}}\n                <li class=\"pagination-item pagination-item--current\">\n                    <a class=\"pagination-link\" href=\"{{this.url}}\" {{#if ../../instantload}}data-instantload{{/if}} {{#unless ../../reload}}data-faceted-search-facet{{/unless}}>{{this.number}}</a>\n                </li>\n            {{else}}\n                <li class=\"pagination-item\">\n                    <a class=\"pagination-link\" href=\"{{this.url}}\" {{#if ../../instantload}}data-instantload{{/if}} {{#unless ../../reload}}data-faceted-search-facet{{/unless}}>{{this.number}}</a>\n                </li>\n            {{/if}}\n        {{/each}}\n\n        {{#if next}}\n            <li class=\"pagination-item pagination-item--next\">\n                <a class=\"pagination-link\" href=\"{{next}}\" {{#if instantload}}data-instantload{{/if}} {{#unless reload}}data-faceted-search-facet{{/unless}}>\n                    {{lang 'common.next'}}\n                    <i class=\"icon\" aria-hidden=\"true\">\n                        <svg>\n                            <use href=\"#icon-chevron-right\"></use>\n                        </svg>\n                    </i>\n                </a>\n            </li>\n        {{/if}}\n    </ul>\n</div>\n{{/or}}\n","components/common/responsive-img":"{{!--\n    This file implements the lazysizes srcset pattern (as seen on\n    https://github.com/aFarkas/lazysizes#modern-transparent-srcset-pattern) for maximum performance on modern browsers\n    and reasonable compatibility with legacy browsers.\n    \n    There are a few important arguments to know about when using this component:\n    `lazyload`:\n        - If set to 'lazyload+lqip', will load a low-res image which will be replaced by lazysizes - ensuring that SOME\n        content is shown immediately on page load. Without LQIP, a transparent gif will be used instead, which reduces\n        the number of requests needed to load the page, making it even faster.\n        - If set to 'lazyload', the browser will not load the full-size image at first, instead the lazysizes plugin will\n            load it progressively after page load. This improves the load speed of the page, but it should be disabled for\n            high-priority above-the-fold images.\n        - If set to 'disabled', will not attempt to lazyload the image and instead tell the browser to load it immediately.\n            Use this for high-priority images that are above the fold.\n    \n    `fallback_size`:\n        This is the size to use for this image in legacy browsers that do not support srcset.\n        Can be defined as a pixel bounding-box size (e.g. \"123x123) or inherent width (e.g. \"123w\").\n    \n    `class`:\n        The CSS classes to add to the image, e.g. \"card-image\". If lazyloading is enabled, all images will have the\n        \"lazyload\" class so that lazysizes will target them automatically.\n    \n    `otherAttributes`:\n        Any other HTML attributes you want on the img tag, for example \"height='100' width='100'\"\n    \n    `default_image`:\n        The default image to use if `image` is undefined or falsy. Should be a theme asset, usually defined as a relative\n        path in the theme config. If a default image is not provided, you'll get an image tag with no image if the primary\n        image is undefined.\n    \n    `lqip_size`:\n        If you want to specify a particular size for the LQIP image, you can do so with this argument. A default of 80\n        pixels wide will be used otherwise. This argument has no effect if the lazyload mode is not \"lazyload+lqip\".\n    \n    --}}\n    <img {{#if image}}{{!-- Get the default image for legacy browsers that do not support srcset\n    --}}src=\"{{getImageSrcset image 1x=(default fallback_size '160w')}}\" alt=\"{{image.alt}}\" title=\"{{image.alt}}\" {{!--\n      Allow lazysizes to generate the 'sizes' attribute automatically --}}data-sizes=\"auto\"\n      {{#unless lazyload '==' 'disabled'}}\n        {{#if lazyload '==' 'lazyload+lqip'}}\n        {{!-- If we want a LQIP, include it as the default srcset (will be overwritten by lazysizes) --}}\n        srcset=\"{{getImageSrcset image 1x=(default lqip_size '80w')}}\"\n        {{else}}\n          {{!-- If we don't want a LQIP, use a 1px transparent gif for the stand-in image\n                This requires no additional network request, so it's fast --}}\n        srcset=\"data:image/gif;base64,R0lGODlhAQABAIAAAP///wAAACH5BAEAAAAALAAAAAABAAEAAAICRAEAOw==\"\n        {{/if}}\n    {{/unless}}\n    {{!-- If lazyloading is disabled, just use \"srcset\". If it is not disabled, use \"data-srcset\" so lazysizes will use\n          this after page load --}}\n    {{!--\n    Generate the srcset string using the default sizes defined in the helper. This will allow the browser to\n    pick the best-sized image based on its own understanding of how it will render the page.\n    --}}\n    {{#unless lazyload '==' 'disabled'}}data-{{/unless}}srcset=\"{{getImageSrcset image use_default_sizes=true }}\"\n    {{else if default_image}}src=\"{{cdn default_image}}\"{{/if}}\n    class=\"{{#unless lazyload '==' 'disabled'}}lazyload{{/unless}}{{#if class}} {{class}}{{/if}}\"\n    {{#if lazyload '==' 'lazyload'}}loading=\"lazy\"{{/if}}\n    {{otherAttributes}} />","components/common/share":"{{#unless (getVar 'isCrawlerAndSpeedTestMode')}}\n{{#or settings.add_this.buttons settings.facebook_like_button.enabled}}\n    {{assignVar 'encodedUrl' (encodeURI url)}}\n    {{assignVar 'encodedTitle' (encodeURI head.title)}}\n    <div class=\"addthis_toolbox\">\n        {{#if settings.add_this.buttons}}\n            <ul class=\"socialLinks socialLinks--alt\">\n                {{#each settings.add_this.buttons}}\n                    <li class=\"socialLinks-item socialLinks-item--{{service}}\">\n                        {{#if service '===' 'facebook'}}\n                        <a class=\"socialLinks__link icon icon--{{service}}\"\n                        title=\"{{{capitalize service}}}\"\n                        href=\"https://facebook.com/sharer/sharer.php?u={{getVar 'encodedUrl'}}\"\n                        target=\"_blank\"\n                        rel=\"noopener\"\n                        {{{annotation}}}\n                        >\n                            <span class=\"aria-description--hidden\">{{{capitalize service}}}</span>\n                            <svg>\n                                <use href=\"#icon-facebook\"/>\n                            </svg>\n                        </a>\n                        {{else if service '===' 'email'}}\n                        <a class=\"socialLinks__link icon icon--{{service}}\"\n                        title=\"{{{capitalize service}}}\"\n                        href=\"mailto:?subject={{getVar 'encodedTitle'}}&amp;body={{getVar 'encodedUrl'}}\"\n                        target=\"_self\"\n                        rel=\"noopener\"\n                        {{{annotation}}}\n                        >\n                            <span class=\"aria-description--hidden\">{{{capitalize service}}}</span>\n                            <svg>\n                                <use href=\"#icon-envelope\"/>\n                            </svg>\n                        </a>\n                        {{else if service '===' 'print'}}\n                        <a class=\"socialLinks__link icon icon--{{service}}\"\n                        title=\"{{{capitalize service}}}\"\n                        onclick=\"window.print();return false;\"\n                        {{{annotation}}}\n                        >\n                            <span class=\"aria-description--hidden\">{{{capitalize service}}}</span>\n                            <svg>\n                                <use href=\"#icon-print\"/>\n                            </svg>\n                        </a>\n                        {{else if service '===' 'twitter'}}\n                        <a class=\"socialLinks__link icon icon--{{service}}\"\n                        href=\"https://twitter.com/intent/tweet/?text={{getVar 'encodedTitle'}}&amp;url={{getVar 'encodedUrl'}}\"\n                        target=\"_blank\"\n                        rel=\"noopener\"\n                        title=\"{{{capitalize service}}}\"\n                        {{{annotation}}}\n                        >\n                            <span class=\"aria-description--hidden\">{{{capitalize service}}}</span>\n                            <svg>\n                                <use href=\"#icon-twitter\"/>\n                            </svg>\n                        </a>\n                        {{else if service '===' 'linkedin'}}\n                        <a class=\"socialLinks__link icon icon--{{service}}\"\n                        title=\"{{{capitalize service}}}\"\n                        href=\"https://www.linkedin.com/shareArticle?mini=true&amp;url={{getVar 'encodedUrl'}}&amp;title={{getVar 'encodedTitle'}}&amp;summary={{getVar 'encodedTitle'}}&amp;source={{getVar 'encodedUrl'}}\"\n                        target=\"_blank\"\n                        rel=\"noopener\"\n                        {{{annotation}}}\n                        >\n                            <span class=\"aria-description--hidden\">{{{capitalize service}}}</span>\n                            <svg>\n                                <use href=\"#icon-linkedin\"/>\n                            </svg>\n                        </a>\n                        {{else if service '===' 'pinterest'}}\n                        <a class=\"socialLinks__link icon icon--{{service}}\"\n                        title=\"{{{capitalize service}}}\"\n                        href=\"https://pinterest.com/pin/create/button/?url={{getVar 'encodedUrl'}}&amp;description={{getVar 'encodedTitle'}}\"\n                        target=\"_blank\"\n                        rel=\"noopener\"\n                        {{{annotation}}}\n                        >\n                            <span class=\"aria-description--hidden\">{{{capitalize service}}}</span>\n                            <svg>\n                                <use href=\"#icon-pinterest\"/>\n                            </svg>\n                        </a>\n                        {{/if}}\n                    </li>\n                {{/each}}\n            </ul>\n        {{/if}}\n        {{#if settings.facebook_like_button.enabled}}\n            <iframe\n                class=\"facebook{{#if settings.facebook_like_button.verb '===' 'recommend'}}Recommend{{else}}Like{{/if}}Btn\"\n                style=\"border:none; overflow:hidden; margin: 0; padding: 0; height: 20px; margin-top: .75rem; max-width: 100%\"\n                src=\"https://www.facebook.com/plugins/like.php?href={{settings.facebook_like_button.href}}&amp;layout=button_count{{#if settings.facebook_like_button.verb '===' 'recommend'}}&amp;action=recommend{{/if}}&amp;colorscheme=light&amp;height=20\"\n                scrolling=\"no\"\n                frameborder=\"0\"\n                allowTransparency=\"true\">\n            </iframe>\n        {{/if}}\n    </div>\n{{/or}}\n{{/unless}}\n","components/common/wishlist-dropdown":"<form action=\"{{product.add_to_wishlist_url}}\" class=\"form form-wishlist form-action\" data-wishlist-add method=\"post\">\n    <a aria-controls=\"wishlist-dropdown\" aria-expanded=\"false\" class=\"button dropdown-menu-button\" data-dropdown=\"wishlist-dropdown\">\n        <span>{{lang 'account.wishlists.add_item'}}</span>\n        <i aria-hidden=\"true\" class=\"icon\">\n            <svg>\n                <use href=\"#icon-chevron-down\" />\n            </svg>\n        </i>\n    </a>\n    <ul aria-hidden=\"true\" class=\"dropdown-menu\" data-dropdown-content id=\"wishlist-dropdown\" tabindex=\"-1\">\n        {{#if customer.wishlists}} {{#each customer.wishlists}}\n        <li>\n            <input class=\"button {{#if this.num_items '!==' '0'}}button--has-items{{/if}}\" formaction=\"{{this.add_url}}&product_id={{../product.id}}\"\n                type=\"submit\" value=\"{{this.name}}\">\n        </li>\n        {{/each}} {{else}}\n        <li>\n            <input class=\"button\" type=\"submit\" value=\"{{lang 'account.wishlists.add_to_default'}}\">\n        </li>\n        {{/if}}\n        <li>\n            <a data-wishlist class=\"button\" href=\"/wishlist.php?action=addwishlist&product_id={{product.id}}\">{{lang 'account.wishlists.create_new'}}</a>\n        </li>\n    </ul>\n</form>\n","components/papa-supermarket/also-bought/also-bought":"{{#unless (getVar 'isCrawlerAndSpeedTestMode')}}\n<div class=\"productView-alsoBought productView-alsoBought--{{theme_settings.alsobought_position}} u-hiddenVisually\" data-also-bought>\n    <div class=\"productView-alsoBought-heading\">{{lang 'also_bought.heading'}}</div>\n    <div class=\"productView-alsoBought-thumbnails\" data-thumbnails></div>\n    <div class=\"productView-alsoBought-buttons\">\n        <button class=\"button button--small button--primary\" data-add-all>{{lang 'also_bought.add_all'}}</button>\n        <button class=\"button button--small button--primary\" data-add-to-cart>{{lang 'also_bought.add_selected_to_cart'}}</button>\n    </div>\n    <div class=\"productView-alsoBought-list\">\n        {{#if theme_settings.alsobought_product '==' 'related'}}\n            {{#each product.related_products}}\n                <div class=\"productView-alsoBought-item\" data-product-id=\"{{id}}\"></div>\n                {{inject 'enableAlsoBought' true}}\n            {{/each}}\n        {{else if theme_settings.alsobought_product '==' 'similar'}}\n            {{#each product.similar_by_views}}\n                <div class=\"productView-alsoBought-item\" data-product-id=\"{{id}}\"></div>\n                {{inject 'enableAlsoBought' true}}\n            {{/each}}\n        {{else}}\n            {{#each product.custom_fields}}\n                {{#if name '===' '__alsobought'}}\n                    <div class=\"productView-alsoBought-item\" data-product-id=\"{{value}}\"></div>\n                    {{inject 'enableAlsoBought' true}}\n                {{/if}}\n            {{/each}}\n        {{/if}}\n    </div>\n</div>\n{{/unless}}","components/products/bulk-discount-rates":"{{#if bulk_discount_rates.length}}\n    {{#if theme_settings.productpage_bulk_price_table}}\n        <div class=\"productView-bulkPricing\">\n            <h3 class=\"productView-bulkPricing-heading\">{{lang 'products.bulk_pricing.modal_title'}}</h3>\n            <p class=\"productView-bulkPricing-description\">{{lang 'products.bulk_pricing.instructions'}}</p>\n            <table class=\"productView-bulkPricing-table table\">\n                <tbody class=\"table-tbody\">\n                    {{#each bulk_discount_rates}}\n                    <tr>\n                        <td>{{#if min '==' max}}{{lang 'products.bulk_pricing.range_single' min=min}}{{else}}{{lang 'products.bulk_pricing.range' min=min max=max}}{{/if}}</td>\n                        <td>\n                            {{#if type '===' 'percent'}}\n                                {{lang 'products.bulk_pricing.percent' discount=discount.formatted}}\n                            {{else if type '===' 'fixed'}}\n                                {{lang 'products.bulk_pricing.fixed' discount=discount.formatted}}\n                            {{else if type '===' 'price'}}\n                                {{lang 'products.bulk_pricing.price' discount=discount.formatted}}\n                            {{/if}}\n                        </td>\n                    </tr>\n                    {{/each}}\n                </tbody>\n            </table>\n        </div>\n    {{else}}\n        {{#if product}}<dt class=\"productView-info-name\">{{lang 'products.bulk_pricing.title'}}</dt>{{/if}}\n        <dd class=\"productView-info-value\">\n            <a href=\"{{product.url}}#bulk_pricing\"\n                {{#unless is_ajax}}\n                    data-reveal-id=\"modal-bulk-pricing\"\n                {{else}}\n                    {{#unless in_quickview}}\n                        data-reveal-id=\"modal-bulk-pricing\"\n                    {{/unless}}\n                {{/unless}}\n            >\n                {{lang 'products.bulk_pricing.view'}}\n            </a>\n        </dd>\n        <div id=\"modal-bulk-pricing\" class=\"modal modal--small\" data-reveal>\n            <div class=\"modal-header\">\n                <h2 class=\"modal-header-title\">{{lang 'products.bulk_pricing.modal_title'}}</h2>\n                <a href=\"#\" class=\"modal-close\" aria-label=\"Close\"><svg class=\"icon\"><use href=\"#icon-close\" /></svg></a>\n            </div>\n            <div class=\"modal-body\">\n                <p>{{lang 'products.bulk_pricing.instructions'}}</p>\n                <ul>\n                    {{#each bulk_discount_rates}}\n                    <li>\n                        {{#if min '==' max}}{{lang 'products.bulk_pricing.range_single' min=min}}{{else}}{{lang 'products.bulk_pricing.range' min=min max=max}}{{/if}}\n                        {{#if type '===' 'percent'}}\n                        {{lang 'products.bulk_pricing.percent' discount=discount.formatted}}\n                        {{/if}}\n                        {{#if type '===' 'fixed'}}\n                        {{lang 'products.bulk_pricing.fixed' discount=discount.formatted}}\n                        {{/if}}\n                        {{#if type '===' 'price'}}\n                        {{lang 'products.bulk_pricing.price' discount=discount.formatted}}\n                        {{/if}}\n                    </li>\n                    {{/each}}\n                </ul>\n            </div>\n        </div>\n    {{/if}}\n{{/if}}","components/products/customizations/checkbox":"<div class=\"form-field\">\n    <input class=\"form-checkbox\" type=\"checkbox\" id=\"customization_{{this.id}}_{{../id}}\" {{#if required}}required {{/if}}name=\"ProductFields[{{this.id}}]\" {{#if value}}checked{{/if}}>\n    <label class=\"form-label form-label--alternate form-label--inlineSmall\" for=\"customization_{{this.id}}_{{../id}}\">\n        {{ this.display_name }}\n        {{#if required}}\n            <small>{{lang 'common.required'}}</small>\n        {{/if}}\n    </label>\n</div>\n","components/products/customizations/file":"<div class=\"form-field\">\n    <label class=\"form-label form-label--alternate form-label--inlineSmall\" for=\"customization_{{this.id}}_{{../id}}\">\n        {{ this.display_name }}:\n        {{#if required}}\n            <small>{{lang 'common.required'}}</small>\n        {{/if}}\n    </label>\n    <input class=\"form-file\" type=\"file\" id=\"customization_{{this.id}}_{{../id}}\" {{#if required}}required {{/if}}name=\"ProductFields[{{this.id}}]\">\n    {{#if original_name}}\n        {{{lang 'products.file_option_set' url=file_url name=original_name}}}\n    {{/if}}\n    <p class=\"form-fileDescription\">{{#if file_size}}{{lang 'products.max_filesize'}} <strong>{{file_size}}</strong>, {{/if}}{{#if file_types}}{{lang 'products.filetypes'}} <strong>{{file_types}}</strong>{{/if}}</p>\n</div>\n","components/products/customizations/select":"<div class=\"form-field\">\n    <label class=\"form-label form-label--alternate form-label--inlineSmall\" for=\"customization_{{id}}_{{../id}}\">\n        {{ display_name }}:\n        {{#if required}}\n            <small>{{lang 'common.required'}}</small>\n        {{/if}}\n    </label>\n    <select class=\"form-select form-select--small\" name=\"ProductFields[{{id}}]\" id=\"customization_{{id}}_{{../id}}\"{{#if required}} required{{/if}}>\n        <option value=\"\">{{lang 'products.choose_an_option'}}</option>\n        {{#each values}}\n            <option value=\"{{this}}\" {{#if ../value '===' this}}selected{{/if}}>{{this}}</option>\n        {{/each}}\n    </select>\n</div>\n","components/products/customizations/text":"<div class=\"form-field\">\n    <label class=\"form-label form-label--alternate form-label--inlineSmall\" for=\"customization_{{id}}_{{../id}}\">\n        {{ display_name }}:\n        {{#if required}}\n            <small>{{lang 'common.required'}}</small>\n        {{/if}}\n    </label>\n    <input class=\"form-input form-input--small\" type=\"text\" id=\"customization_{{id}}_{{../id}}\" {{#if required}}required {{/if}}name=\"ProductFields[{{id}}]\" value=\"{{value}}\">\n</div>\n","components/products/customizations/textarea":"<div class=\"form-field\">\n    <label class=\"form-label form-label--alternate form-label--inlineSmall\" for=\"customization_{{id}}_{{../id}}\">\n        {{display_name}}:\n        {{#if required}}\n            <small>{{lang 'common.required'}}</small>\n        {{/if}}\n    </label>\n    <textarea class=\"form-input\" id=\"customization_{{id}}_{{../id}}\" {{#if required}}required {{/if}}name=\"ProductFields[{{id}}]\" {{#if max_length}}maxlength=\"{{max_length}}\"{{/if}}>{{value}}</textarea>\n</div>\n","components/products/modals/writeReview":"<div id=\"modal-review-form\" class=\"modal\" data-reveal>\n    {{inject 'reviewRating' (lang 'forms.validate.reviews.rating')}}\n    {{inject 'reviewSubject' (lang 'forms.validate.reviews.title')}}\n    {{inject 'reviewComment' (lang 'forms.validate.reviews.comment')}}\n    {{inject 'reviewEmail' (lang 'forms.validate.common.email_address')}}\n    <div class=\"modal-header\">\n        <h2 class=\"modal-header-title\">{{lang 'products.reviews.write_a_review'}}</h2>\n        <a href=\"#\" class=\"modal-close\" aria-label=\"{{lang 'common.close'}}\" role=\"button\">\n            <svg class=\"icon\"><use href=\"#icon-close\" /></svg>\n        </a>\n    </div>\n    <div class=\"modal-body\">\n        <div class=\"writeReview-productDetails\">\n            <div class=\"writeReview-productImage-container\">\n                {{#if theme_settings.lazyload_mode '===' 'disabled'}}\n                    {{> components/common/responsive-img\n                        image=product.main_image\n                        fallback_size=theme_settings.product_size\n                        lazyload=theme_settings.lazyload_mode\n                        default_image=theme_settings.default_image_product\n                    }}\n                {{else}}\n                    {{> components/common/responsive-img\n                        image=product.main_image\n                        fallback_size=theme_settings.product_size\n                        lazyload='lazyload'\n                        default_image=theme_settings.default_image_product\n                    }}\n                {{/if}}\n            </div>\n            <h6 class=\"product-brand\">{{ product.brand.name }}</h6>\n            <h5 class=\"product-title\">{{ product.title }}</h5>\n        </div>\n        <form class=\"form writeReview-form\" action=\"{{ urls.product.post_review }}\" method=\"post\">\n            <fieldset class=\"form-fieldset\">\n                <div class=\"form-field\">\n                    <label class=\"form-label\" for=\"rating-rate\">{{lang 'products.reviews.rating_label'}}\n                        <small>{{lang 'common.required' }}</small>\n                    </label>\n                    <!-- Stars -->\n                    <!-- TODO: Review Stars need to be componentised, both for display and input -->\n                    <select id=\"rating-rate\" class=\"form-select\" name=\"revrating\">\n                        <option value=\"\">{{lang 'products.reviews.select_rating'}}</option>\n                        {{#for 1 5}}\n                            {{#if ../product.reviews.selected_rating '===' $index}}\n                                <option selected value=\"{{$index}}\">{{lang (concat 'products.reviews.rating.' $index) }}</option>\n                            {{else}}\n                                <option value=\"{{$index}}\">{{lang (concat 'products.reviews.rating.' $index) }}</option>\n                            {{/if}}\n                        {{/for}}\n                    </select>\n                </div>\n\n                <!-- Name -->\n                {{#if product.reviews.author}}\n                    {{> components/common/forms/text id=\"revfromname\" name=\"revfromname\" label=(lang 'products.reviews.form_write.name') value=product.reviews.author}}\n                {{else}}\n                    {{> components/common/forms/text id=\"revfromname\" name=\"revfromname\" label=(lang 'products.reviews.form_write.name') value=customer.name}}\n                {{/if}}\n\n                {{#if product.reviews.show_review_email}}\n                    <!-- Email -->\n                    {{#if product.reviews.email}}\n                        {{> components/common/forms/text id=\"email\" name=\"email\" required=\"false\" label=(lang 'products.reviews.form_write.email') value=product.reviews.email}}\n                    {{else}}\n                        {{> components/common/forms/text id=\"email\" name=\"email\" required=\"false\" label=(lang 'products.reviews.form_write.email') value=customer.email}}\n                    {{/if}}\n                {{/if}}\n\n                <!-- Review Subject -->\n                {{> components/common/forms/text id=\"revtitle\" name=\"revtitle\" required=\"true\" label=(lang 'products.reviews.form_write.subject') value=product.reviews.title}}\n\n                <!-- Comments -->\n                {{> components/common/forms/multiline id=\"revtext\" name=\"revtext\" required=\"true\" label=(lang 'products.reviews.form_write.comments') value=product.reviews.text}}\n\n                {{{product.reviews.recaptcha.markup}}}\n\n                <div class=\"form-field\">\n                    <input type=\"submit\" class=\"button button--primary\"\n                           value=\"{{lang 'products.reviews.form_write.submit_value' }}\">\n                </div>\n                <input type=\"hidden\" name=\"product_id\" value=\"{{ product.id }}\">\n                <input type=\"hidden\" name=\"action\" value=\"post_review\">\n                {{#if product.reviews.throttleToken}}<input type=\"hidden\" name=\"throttleToken\" value=\"{{product.reviews.throttleToken}}\">{{/if}}\n            </fieldset>\n        </form>\n    </div>\n</div>\n","components/products/options/date":"<div class=\"form-field\" data-product-attribute=\"date\">\n    <label class=\"form-label form-label--alternate form-label--inlineSmall\" {{#if style}}style=\"{{style}}\" {{/if}}>\n        {{this.display_name}}:\n\n        {{#if required}}\n            <small>{{lang 'common.required'}}</small>\n        {{/if}}\n    </label>\n    <select class=\"form-select form-select--date\" name=\"attribute[{{this.id}}][month]\" {{#if required}}required{{/if}}>\n        <option value=\"\">{{lang 'common.month'}}</option>\n        {{#for 1 12}}\n            <option value=\"{{$index}}\" {{#if ../selected_date.month '==' $index}}selected=\"selected\"{{/if}}>\n                {{lang (concat 'common.short_months.' $index)}}\n            </option>\n        {{/for}}\n    </select>\n    <select class=\"form-select form-select--date\" name=\"attribute[{{this.id}}][day]\" {{#if required}}required{{/if}}>\n        <option value=\"\">{{lang 'common.day'}}</option>\n        {{#for 1 31}}\n            <option value=\"{{$index}}\" {{#if ../selected_date.day '==' $index}}selected=\"selected\"{{/if}}>\n                {{$index}}\n            </option>\n        {{/for}}\n    </select>\n    <select class=\"form-select form-select--date\" name=\"attribute[{{this.id}}][year]\" {{#if required}}required{{/if}}>\n        <option value=\"\">{{lang 'common.year'}}</option>\n        {{#for earliest_year latest_year}}\n            <option value=\"{{$index}}\" {{#if ../selected_date.year '==' $index}}selected=\"selected\"{{/if}}>\n                {{$index}}\n            </option>\n        {{/for}}\n        {{#if earliest_year '==' latest_year}}\n        <option value=\"{{earliest_year}}\" selected=\"selected\">{{earliest_year}}</option>\n        {{/if}}\n    </select>\n</div>\n","components/products/options/input-checkbox":"<div class=\"form-field\" data-product-attribute=\"input-checkbox\">\n    <label class=\"form-label form-label--alternate form-label--inlineSmall\">\n        {{display_name}}:\n\n        {{#if required}}\n            <small>{{lang 'common.required'}}</small>\n        {{/if}}\n    </label>\n    <input type=\"hidden\" name=\"attribute[{{id}}]\" value=\"{{noValue}}\" />\n    <input \n        class=\"form-checkbox\"\n        type=\"checkbox\"\n        name=\"attribute[{{id}}]\"\n        id=\"attribute-check-{{id}}_{{../id}}\"\n        value=\"{{value}}\"\n        {{#if checked}}\n            checked\n            data-default\n        {{/if}}\n        {{#if required}}required{{/if}}>\n\n    <label class=\"form-label {{class}}\" for=\"attribute-check-{{id}}_{{../id}}\">{{label}}</label>\n</div>\n","components/products/options/input-file":"<div class=\"form-field\" data-product-attribute=\"input-file\">\n    <label class=\"form-label form-label--alternate form-label--inlineSmall\" for=\"attribute_file_{{id}}\">\n        {{ this.display_name }}:\n\n        {{#if required}}\n            <small>{{lang 'common.required'}}</small>\n        {{/if}}\n    </label>\n\n    <input class=\"form-file\" type=\"file\" id=\"attribute_file_{{id}}\" name=\"attribute[{{this.id}}]\" {{#if required}}required{{/if}}>\n    {{#if original_name}}\n        {{{lang 'products.file_option_set' url=file_url name=original_name}}}\n        <label>{{lang 'cart.remove_file'}}<input type=\"checkbox\" name=\"{{file_remove}}\"></label>\n    {{/if}}\n    <p class=\"form-fileDescription\">{{#if file_size}}{{lang 'products.max_filesize'}} <strong>{{file_size}}</strong>, {{/if}}{{#if file_types}}{{lang 'products.filetypes'}} <strong>{{file_types}}</strong>{{/if}}</p>\n\n</div>\n","components/products/options/input-numbers":"<div class=\"form-field\" data-product-attribute=\"input-number\">\n    <label class=\"form-label form-label--alternate form-label--inlineSmall\" for=\"attribute_number_{{id}}\">\n        {{ this.display_name }}:\n\n        {{#if required}}\n            <small>{{lang 'common.required'}}</small>\n        {{/if}}\n    </label>\n\n    <input class=\"form-input\" type=\"number\" id=\"attribute_number_{{id}}\" {{#unless this.integer_only}}step=\"any\"{{/unless}} name=\"attribute[{{this.id}}]\" value=\"{{this.prefill}}\" {{#if required}}required{{/if}}>\n</div>\n","components/products/options/input-text":"<div class=\"form-field\" data-product-attribute=\"input-text\">\n    <label class=\"form-label form-label--alternate form-label--inlineSmall\" for=\"attribute_text_{{id}}\">\n        {{ this.display_name }}:\n\n        {{#if required}}\n            <small>{{lang 'common.required'}}</small>\n        {{/if}}\n    </label>\n\n    <input class=\"form-input form-input--small\" type=\"text\" id=\"attribute_text_{{id}}\" name=\"attribute[{{this.id}}]\" value=\"{{this.prefill}}\" {{#if required}}required{{/if}} {{#if max_length}}maxlength=\"{{max_length}}\"{{/if}}>\n</div>\n","components/products/options/product-list":"<div class=\"form-field\" data-product-attribute=\"product-list\">\n    <label class=\"form-label form-label--alternate form-label--inlineSmall\">\n        {{display_name}}:\n        <span data-option-value></span>\n\n        {{#if required}}\n            <small>{{lang 'common.required'}}</small>\n        {{/if}}\n    </label>\n\n    {{#if values.0.image}}\n        <ul class=\"productOptions-list\">\n            {{#unless required}}\n                <li class=\"productOptions-list-item\">\n                    <input class=\"form-radio\"\n                           type=\"radio\"\n                           name=\"attribute[{{id}}]\"\n                           value=\"0\"\n                           id=\"attribute_productlist_0_{{id}}\"\n                           {{#unless defaultValue}}checked{{/unless}} required>\n                    <label class=\"form-label\" for=\"attribute_productlist_0_{{id}}\">{{lang 'products.none'}}</label>\n                </li>\n            {{/unless}}\n            {{#each values}}\n                <li class=\"productOptions-list-item\" data-product-attribute-value=\"{{id}}\">\n                    {{#if image}}\n                        <figure class=\"productOptions-list-item-figure\">\n                            {{> components/common/responsive-img\n                                image=image\n                                class=\"productOptions-list-item-image\"\n                                lazyload='lazyload+lqip'\n                            }}\n                        </figure>\n                    {{/if}}\n                    <div class=\"productOptions-list-item-content\">\n                        <input\n                            class=\"form-radio\"\n                            type=\"radio\"\n                            name=\"attribute[{{../id}}]\"\n                            value=\"{{id}}\"\n                            id=\"attribute_productlist_{{../id}}_{{id}}\"\n                            data-product-id=\"{{data}}\"\n                            {{#if selected}}\n                                checked\n                                data-default\n                            {{/if}}\n                            {{#if ../required}}required{{/if}}>\n                        <label data-product-attribute-value=\"{{id}}\" class=\"form-label\" for=\"attribute_productlist_{{../id}}_{{id}}\">{{label}}</label>\n                    </div>\n                </li>\n            {{/each}}\n        </ul>\n    {{else}}\n        {{#unless required}}\n        <input class=\"form-radio\"\n               type=\"radio\"\n               name=\"attribute[{{id}}]\"\n               value=\"0\"\n               id=\"attribute_productlist_0_{{id}}\"\n               {{#unless defaultValue}}checked{{/unless}}>\n        <label class=\"form-label\" for=\"attribute_productlist_0_{{id}}\">{{lang 'products.none'}}</label>\n        {{/unless}}\n        {{#each values}}\n            <input\n                class=\"form-radio\"\n                type=\"radio\"\n                name=\"attribute[{{../id}}]\"\n                value=\"{{id}}\"\n                id=\"attribute_productlist_{{../id}}_{{id}}\"\n                data-product-id=\"{{data}}\"\n                {{#if selected}}\n                    checked\n                    data-default\n                {{/if}}\n                {{#if ../required}}required{{/if}}>\n            <label data-product-attribute-value=\"{{id}}\" class=\"form-label\" for=\"attribute_productlist_{{../id}}_{{id}}\">{{label}}</label>\n        {{/each}}\n    {{/if}}\n</div>\n","components/products/options/set-radio":"<div class=\"form-field\" data-product-attribute=\"set-radio\">\n    <label class=\"form-label form-label--alternate form-label--inlineSmall\">\n        {{ this.display_name }}:\n\n        {{#if required}}\n            <small>{{lang 'common.required'}}</small>\n        {{/if}}\n    </label>\n\n    {{#each this.values}}\n        <input\n            class=\"form-radio\"\n            type=\"radio\"\n            id=\"attribute_radio_{{../id}}_{{id}}\"\n            name=\"attribute[{{../id}}]\"\n            value=\"{{id}}\"\n            {{#if selected}}\n                checked\n                data-default\n            {{/if}}\n            {{#if ../required}}required{{/if}}>\n        <label data-product-attribute-value=\"{{id}}\" class=\"form-label\" for=\"attribute_radio_{{../id}}_{{id}}\">{{this.label}}</label>\n    {{/each}}\n</div>\n","components/products/options/set-rectangle":"<div class=\"form-field\" data-product-attribute=\"set-rectangle\">\n    <label class=\"form-label form-label--alternate form-label--inlineSmall\">\n        {{this.display_name}}:\n        <span data-option-value></span>\n\n        {{#if required}}\n            <small>{{lang 'common.required'}}</small>\n        {{/if}}\n    </label>\n\n    {{#each this.values}}\n        <input\n            class=\"form-radio\"\n            type=\"radio\"\n            id=\"attribute_rectangle__{{../id}}_{{id}}\"\n            name=\"attribute[{{../id}}]\"\n            value=\"{{id}}\"\n            {{#if selected}}\n                checked\n                data-default\n            {{/if}}\n            {{#if ../required}}required{{/if}}>\n\n        <label class=\"form-option\" for=\"attribute_rectangle__{{../id}}_{{id}}\" data-product-attribute-value=\"{{id}}\">\n            <span class=\"form-option-variant\">{{this.label}}</span>\n        </label>\n    {{/each}}\n</div>\n","components/products/options/set-select":"<div class=\"form-field\" data-product-attribute=\"set-select\">\n    <label class=\"form-label form-label--alternate form-label--inlineSmall\" for=\"attribute_select_{{id}}\">\n        {{ this.display_name }}:\n\n        {{#if required}}\n            <small>{{lang 'common.required'}}</small>\n        {{/if}}\n    </label>\n\n    <select class=\"form-select form-select--small\" name=\"attribute[{{this.id}}]\" id=\"attribute_select_{{id}}\" {{#if required}}required{{/if}}>\n        <option value=\"\">{{lang 'products.choose_options'}}</option>\n        {{#each this.values}}\n            <option data-product-attribute-value=\"{{id}}\" value=\"{{id}}\" {{#if selected}}selected data-default{{/if}}>{{label}}</option>\n        {{/each}}\n    </select>\n</div>\n","components/products/options/swatch":"<div class=\"form-field\" data-product-attribute=\"swatch\">\n    <label class=\"form-label form-label--alternate form-label--inlineSmall\">\n        {{this.display_name}}:\n        <span data-option-value>{{#filter this.values true property='selected'}}{{label}}{{/filter}}</span>\n\n        {{#if required}}\n            <small>{{lang 'common.required'}}</small>\n        {{/if}}\n    </label>\n\n    {{#each this.values}}\n        <input class=\"form-radio\" type=\"radio\" name=\"attribute[{{../id}}]\" value=\"{{id}}\" id=\"attribute_swatch_{{../id}}_{{id}}\" {{#if selected}}checked data-default{{/if}} {{#if ../required}}required{{/if}} data-product-attribute-label=\"{{this.label}}\">\n        <label class=\"form-option form-option-swatch\" for=\"attribute_swatch_{{../id}}_{{id}}\" data-product-attribute-value=\"{{id}}\">\n            {{#if image}}\n                <span class='form-option-variant form-option-variant--pattern' title=\"{{this.label}}\" style=\"background-image: url('{{getImage image \"swatch_option_size\"}}');\"></span>\n            {{/if}}\n            {{#if data.[2]}}\n                <span class='form-option-variant form-option-variant--color' title=\"{{this.label}}\" style=\"background-color: #{{data.[0]}}\"></span>\n                <span class='form-option-variant form-option-variant--color' title=\"{{this.label}}\" style=\"background-color: #{{data.[1]}}\"></span>\n                <span class='form-option-variant form-option-variant--color' title=\"{{this.label}}\" style=\"background-color: #{{data.[2]}}\"></span>\n            {{else}}\n                {{#if data.[1]}}\n                    <span class='form-option-variant form-option-variant--color' title=\"{{this.label}}\" style=\"background-color: #{{data.[0]}}\"></span>\n                    <span class='form-option-variant form-option-variant--color' title=\"{{this.label}}\" style=\"background-color: #{{data.[1]}}\"></span>\n                {{else}}\n                    {{#if data.[0]}}\n                        <span class='form-option-variant form-option-variant--color' title=\"{{this.label}}\" style=\"background-color: #{{data.[0]}}\"></span>\n                    {{/if}}\n                {{/if}}\n            {{/if}}\n            {{#if pattern}}\n                <span class=\"form-option-expanded\">\n                    <span class=\"form-option-image\" style=\"background-image: url('{{getImage image 'core-swatch'}}');\"></span>\n                </span>\n            {{/if}}\n        </label>\n    {{/each}}\n</div>\n","components/products/options/textarea":"<div class=\"form-field\" data-product-attribute=\"textarea\">\n    <label class=\"form-label form-label--alternate form-label--inlineSmall\" for=\"attribute_textarea_{{id}}\">\n        {{display_name}}:\n\n        {{#if required}}\n            <small>{{lang 'common.required'}}</small>\n        {{/if}}\n    </label>\n\n    <textarea class=\"form-input\" id=\"attribute_textarea_{{id}}\" name=\"attribute[{{id}}]\" {{#if required}}required{{/if}} {{#if max_length}}maxlength=\"{{max_length}}\"{{/if}}>{{prefill}}</textarea>\n</div>\n","components/products/price":"{{! Supermarket: \n    Add class: price-was-label, price--main\n}}\n{{!-- There are 2 code paths for generating the PDP pricing HTML determined by the following #and condition. \n    If a 'price_range' exists then we generate all HTML in price-range.html, otherwise it is defined here. Both code\n    paths generate the same HTML structure with some differences in whether that element is displayed by default (css styling).\n    \n    If you are making a change here or in price-range.html, you probably want to make that change in both files. --}}\n    \n    {{#and price.price_range (if theme_settings.price_ranges '==' true)}}\n        {{> components/products/price-range price=price}}\n    {{else}}\n        {{#if price.with_tax}}\n            <div class=\"price-section price-section--withTax rrp-price--withTax\" {{#unless price.rrp_with_tax}}style=\"display: none;\"{{/unless}}>\n                <span class=\"price-was-label\">{{theme_settings.pdp-retail-price-label}}</span>\n                <span data-product-rrp-with-tax class=\"price price--rrp\">\n                    {{price.rrp_with_tax.formatted}}\n                </span>\n            </div>\n            <div class=\"price-section price-section--withTax\">\n                <span class=\"price-label\" {{#if price.non_sale_price_with_tax}}style=\"display: none;\"{{/if}}>\n                    {{theme_settings.pdp-price-label}}\n                </span>\n                <span class=\"price-now-label\" {{#unless price.non_sale_price_with_tax}}style=\"display: none;\"{{/unless}}>\n                    {{theme_settings.pdp-sale-price-label}}\n                </span>\n                <span data-product-price-with-tax class=\"price price--withTax price--main\">{{price.with_tax.formatted}}</span>\n                {{#if price.without_tax}}\n                    <abbr title=\"{{lang 'products.including_tax'}}\">{{lang 'products.price_with_tax' tax_label=price.tax_label}}</abbr>\n                {{/if}}\n            </div>\n            <div class=\"price-section price-section--withTax non-sale-price--withTax\" {{#unless price.non_sale_price_with_tax}}style=\"display: none;\"{{/unless}}>\n                <span class=\"price-was-label\">{{theme_settings.pdp-non-sale-price-label}}</span>\n                <span data-product-non-sale-price-with-tax class=\"price price--non-sale\">\n                    {{price.non_sale_price_with_tax.formatted}}\n                </span>\n            </div>\n        {{/if}}\n        {{#if price.without_tax}}\n            <div class=\"price-section price-section--withoutTax rrp-price--withoutTax{{#if price.with_tax}} price-section--minor{{/if}}\" {{#unless price.rrp_without_tax}}style=\"display: none;\"{{/unless}}>\n                <span class=\"price-was-label\">{{theme_settings.pdp-retail-price-label}}</span>\n                <span data-product-rrp-price-without-tax class=\"price price--rrp\"> \n                    {{price.rrp_without_tax.formatted}}\n                </span>\n            </div>\n            <div class=\"price-section price-section--withoutTax\">\n                <span class=\"price-label\" {{#if price.non_sale_price_without_tax}}style=\"display: none;\"{{/if}}>\n                    {{theme_settings.pdp-price-label}}\n                </span>\n                <span class=\"price-now-label\" {{#unless price.non_sale_price_without_tax}}style=\"display: none;\"{{/unless}}>\n                    {{theme_settings.pdp-sale-price-label}}\n                </span>\n                <span data-product-price-without-tax class=\"price price--withoutTax{{#if price.with_tax}} price-section--minor{{/if}} price--main\">{{price.without_tax.formatted}}</span>\n                {{#if price.with_tax}}\n                    <abbr title=\"{{lang 'products.excluding_tax'}}\">{{lang 'products.price_without_tax' tax_label=price.tax_label}}</abbr>\n                {{/if}}\n            </div>\n            <div class=\"price-section price-section--withoutTax non-sale-price--withoutTax{{#if price.with_tax}} price-section--minor{{/if}}\" {{#unless price.non_sale_price_without_tax}}style=\"display: none;\"{{/unless}}>\n                <span class=\"price-was-label\">{{theme_settings.pdp-non-sale-price-label}}</span>\n                <span data-product-non-sale-price-without-tax class=\"price price--non-sale\">\n                    {{price.non_sale_price_without_tax.formatted}}\n                </span>\n            </div>\n        {{/if}}\n        {{#if page_type '===' 'product'}}\n             <div class=\"price-section price-section--saving\" {{#unless price.saved}}style=\"display: none;\"{{/unless}}>\n                    <span class=\"price\">{{lang 'products.you_save_opening_text'}}</span>\n                    <span data-product-price-saved class=\"price price--saving\">\n                        {{price.saved.formatted}}\n                    </span>\n                    <span class=\"price\">{{lang 'products.you_save_closing_bracket'}}</span>\n             </div>\n        {{/if}}\n    {{/and}}\n    ","components/products/price-range":"{{#and price.price_range.min.with_tax price.price_range.max.with_tax}}{{! Added by Papathemes to fix display tax/non-tax retail price when select product option }}\n{{#and price.retail_price_range.min.with_tax price.retail_price_range.max.with_tax}}\n    <div class=\"price-section price-section--withTax rrp-price--withTax\">\n        <span class=\"price-was-label\">{{theme_settings.pdp-retail-price-label}}</span>\n        <span data-product-rrp-price-with-tax class=\"price price--rrp\">{{price.retail_price_range.min.with_tax.formatted}} - {{price.retail_price_range.max.with_tax.formatted}}</span>\n    </div>\n{{else}}\n    {{#if price.with_tax}}\n        <div class=\"price-section price-section--withTax rrp-price--withTax\" style=\"display: none;\">\n            <span class=\"price-was-label\">{{theme_settings.pdp-retail-price-label}}</span>\n            <span data-product-rrp-with-tax class=\"price price--rrp\">\n                {{price.rrp_with_tax.formatted}}\n            </span>\n        </div>\n    {{/if}}\n{{/and}}\n{{/and}}\n{{#and price.price_range.min.with_tax price.price_range.max.with_tax}}\n    <div class=\"price-section price-section--withTax\">\n        <span class=\"price-label\">{{theme_settings.pdp-price-label}}</span>\n        <span class=\"price-now-label\" style=\"display: none;\">{{theme_settings.pdp-sale-price-label}}</span>\n        <span data-product-price-with-tax class=\"price price--withTax price--main\">{{price.price_range.min.with_tax.formatted}} - {{price.price_range.max.with_tax.formatted}}</span>\n        {{#and price.price_range.min.without_tax price.price_range.max.without_tax}}\n            <abbr title=\"{{lang 'products.including_tax'}}\">{{lang 'products.price_with_tax' tax_label=price.price_range.min.tax_label}}</abbr>\n        {{/and}}\n    </div>\n    {{!-- Never display the \"non-sales price\" if there is a price range to be shown, but we do want the element on the page --}}\n    <div class=\"price-section price-section--withTax non-sale-price--withTax\" style=\"display: none;\">\n        <span class=\"price-was-label\">{{theme_settings.pdp-non-sale-price-label}}</span>\n        <span data-product-non-sale-price-with-tax class=\"price price--non-sale\">\n            {{price.non_sale_price_with_tax.formatted}}\n        </span>\n    </div>\n{{/and}}\n{{#and price.retail_price_range.min.without_tax price.retail_price_range.max.without_tax}}\n    <div class=\"price-section price-section--withoutTax rrp-price--withoutTax{{#if price.with_tax}} price-section--minor{{/if}}\">\n        <span class=\"price-was-label\">{{theme_settings.pdp-retail-price-label}}</span>\n        <span data-product-rrp-price-without-tax class=\"price price--rrp\">{{price.retail_price_range.min.without_tax.formatted}} - {{price.retail_price_range.max.without_tax.formatted}}</span>\n    </div>\n{{else}}\n    {{#if price.without_tax}}\n        <div class=\"price-section price-section--withoutTax rrp-price--withoutTax{{#if price.with_tax}} price-section--minor{{/if}}\" style=\"display: none;\">\n            <span class=\"price-was-label\">{{theme_settings.pdp-retail-price-label}}</span>\n            <span data-product-rrp-price-without-tax class=\"price price--rrp\">\n                {{price.rrp_without_tax.formatted}}\n            </span>\n        </div>\n    {{/if}}\n{{/and}}\n{{#and price.price_range.min.without_tax price.price_range.max.without_tax}}\n    <div class=\"price-section price-section--withoutTax{{#and price_range.min.with_tax price_range.max.with_tax}} price-section--minor{{/and}}\">\n        <span class=\"price-label\">{{theme_settings.pdp-price-label}}</span>\n        <span class=\"price-now-label\" style=\"display: none;\">{{theme_settings.pdp-sale-price-label}}</span>\n        <span data-product-price-without-tax class=\"price price--withoutTax price--main\">{{price.price_range.min.without_tax.formatted}} - {{price.price_range.max.without_tax.formatted}}</span>\n        {{#and price.price_range.min.with_tax price.price_range.max.with_tax}}\n            <abbr title=\"{{lang 'products.excluding_tax'}}\">{{lang 'products.price_without_tax' tax_label=price.price_range.min.tax_label}}</abbr>\n        {{/and}}\n    </div>\n    {{!-- Never display the \"non-sales price\" if there is a price range to be shown, but we do want the element on the page --}}\n    <div class=\"price-section price-section--withoutTax non-sale-price--withoutTax{{#if price.with_tax}} price-section--minor{{/if}}\" style=\"display: none;\">\n        <span class=\"price-was-label\">{{theme_settings.pdp-non-sale-price-label}}</span>\n        <span data-product-non-sale-price-without-tax class=\"price price--non-sale\">\n            {{price.non_sale_price_without_tax.formatted}}\n        </span>\n    </div>\n{{/and}}\n\n{{!-- Never display the \"saving price\" element by default if there is a price range on the page to be shown --}}\n{{#if page_type '===' 'product'}}\n     <div class=\"price-section price-section--saving price\" style=\"display: none;\">\n            <span class=\"price\">{{lang 'products.you_save_opening_text'}}</span>\n            <span data-product-price-saved class=\"price price--saving\">\n                {{price.saved.formatted}}\n            </span>\n            <span class=\"price\">{{lang 'products.you_save_closing_bracket'}}</span>\n     </div>\n{{/if}}\n","components/products/product-view-no-addtocart":"{{assignVar 'productImageSizeAttrs' (get 'string' (concat 'width=' (join (split theme_settings.product_size 'x') ' height=')))}}\n{{assignVar 'productThumbSizeAttrs' (get 'string' (concat 'width=' (join (split theme_settings.productthumb_size 'x') ' height=')))}}\n<div class=\"productView productView--{{theme_settings.productpage_description_type}}\" {{#if settings.data_tag_enabled}} data-event-type=\"product\" data-entity-id=\"{{product.id}}\" data-name=\"{{product.title}}\" data-product-category=\"{{#each product.category}}{{#if @last}}{{this}}{{else}}{{this}}, {{/if}}{{/each}}\" data-product-brand=\"{{product.brand.name}}\" data-product-price=\"{{#if product.price.with_tax}}{{product.price.with_tax.value}}{{else}}{{product.price.without_tax.value}}{{/if}}\" data-product-variant=\"single-product-option\"{{/if}}>\n    {{#each product.reviews.messages}}\n        {{#if error}}\n            {{>components/common/alert-error error}}\n        {{/if}}\n        {{#if success}}\n            {{>components/common/alert-success success}}\n        {{/if}}\n    {{/each}}\n\n    <div class=\"productView-detailsWrapper\">\n        <div data-also-bought-parent-scope class=\"productView-beforeAlsoBought\">\n            <section class=\"productView-details\">\n                <div class=\"productView-product\">\n                    {{#if product.brand}}\n                    <h5 class=\"productView-brand\"{{#if schema}} itemprop=\"brand\" itemscope itemtype=\"https://schema.org/Brand\"{{/if}}>\n                        <a href=\"{{product.brand.url}}\"{{#if schema}} itemprop=\"url\"{{/if}}><span{{#if schema}} itemprop=\"name\"{{/if}}>{{product.brand.name}}</span></a>\n                    </h5>\n                    {{/if}}\n                    \n                    <h1 class=\"productView-title\" {{#if schema}}itemprop=\"name\"{{/if}}>{{product.title}}</h1>\n                    {{#and schema product.sku}}\n                        <meta itemprop=\"sku\" content=\"{{product.sku}}\" />\n                    {{/and}}\n\n                    {{#and schema product.mpn}}\n                        <meta itemprop=\"mpn\" content=\"{{product.mpn}}\" />\n                    {{/and}}\n\n                     {{#and schema product.gtin}}\n                        <meta itemprop=\"gtin{{length product.gtin}}\" content=\"{{product.gtin}}\" />\n                    {{/and}}\n\n                    <div class=\"productView-rating\"{{#if schema}}{{#if settings.show_product_rating}}{{#if product.num_reviews '>' 0}} itemprop=\"aggregateRating\" itemscope itemtype=\"https://schema.org/AggregateRating\"{{/if}}{{/if}}{{/if}}>\n                        {{#if settings.show_product_rating}}\n                            {{#if product.num_reviews '>' 0}}\n                                {{#if schema}}\n                                    <meta itemprop=\"ratingValue\" content=\"{{product.rating}}\">\n                                    <meta itemprop=\"ratingCount\" content=\"{{product.num_reviews}}\">\n                                    <meta itemprop=\"reviewCount\" content=\"{{product.num_reviews}}\">\n                                {{/if}}\n                            {{/if}}\n                            {{> components/products/ratings rating=product.rating}}\n                            <span class=\"productView-reviewLink\">\n                                {{#if product.num_reviews '>' 0}}\n                                    <a href=\"{{product.url}}#{{#if theme_settings.show_product_reviews_tabs}}tab-reviews{{else}}product-reviews{{/if}}\">\n                                        {{lang 'products.reviews.link_to_review' total=product.num_reviews}}\n                                    </a>\n                                {{else}}\n                                    {{lang 'products.reviews.link_to_review' total=product.num_reviews}}\n                                {{/if}}\n                            </span>\n                        {{/if}}\n                        {{#if settings.show_product_reviews}}\n                            <span class=\"productView-reviewLink\">\n                                <a href=\"{{product.url}}{{#if is_ajax}}#write_review{{/if}}\"\n                                    {{#unless is_ajax}}\n                                        data-reveal-id=\"modal-review-form\"\n                                    {{else}}\n                                        {{#unless in_quickview}}\n                                            data-reveal-id=\"modal-review-form\"\n                                        {{/unless}}\n                                    {{/unless}}\n                                >\n                                {{lang 'products.reviews.new'}}\n                                </a>\n                            </span>\n                            {{> components/products/modals/writeReview}}\n                        {{/if}}\n                    </div>\n\n                    {{#if theme_settings.bannerAfterRating '===' 'all'}}\n                        <div data-emthemesmodez-remote-banner=\"emthemesModezBannersBlockAfterRating\"></div>\n                    {{/if}}\n\n                    {{{region name=\"product_below_rating--global\"}}}\n                    {{{region name=\"product_below_rating\"}}}\n                    \n                    {{product.detail_messages}}\n                    <dl class=\"productView-info\">\n                        <dt class=\"productView-info-name productView-info-name--sku sku-label\"{{#unless product.sku}} style=\"display: none;\"{{/unless}}>{{lang 'products.sku'}}</dt>\n                        <dd class=\"productView-info-value productView-info-value--sku\" data-product-sku>{{product.sku}}</dd>\n                        <dt class=\"productView-info-name productView-info-name--upc upc-label\"{{#unless product.upc}} style=\"display: none;\"{{/unless}}>{{lang 'products.upc'}}</dt>\n                        <dd class=\"productView-info-value productView-info-value--upc\" data-product-upc>{{product.upc}}</dd>\n                        <dt class=\"productView-info-name productView-info-name--mpn mpn-label\" {{#unless product.mpn}} style=\"display: none;\"{{/unless}}>{{lang 'products.mpn'}}</dt>\n                        <dd class=\"productView-info-value productView-info-value--mpn\" data-product-mpn data-original-mpn=\"{{product.mpn}}\">{{product.mpn}}</dd>\n                        {{#if product.condition}}\n                            <dt class=\"productView-info-name productView-info-name--condition\">{{lang 'products.condition'}}</dt>\n                            <dd class=\"productView-info-value productView-info-value--condition\">{{product.condition}}</dd>\n                        {{/if}}\n                        {{#if product.availability}}\n                            <dt class=\"productView-info-name productView-info-name--availability\">{{lang 'products.availability'}}</dt>\n                            <dd class=\"productView-info-value productView-info-value--availability\">{{product.availability}}</dd>\n                        {{/if}}\n                        {{#all product.weight theme_settings.show_product_weight}}\n                            <dt class=\"productView-info-name productView-info-name--weight\">{{lang 'products.weight'}}</dt>\n                            <dd class=\"productView-info-value productView-info-value--weight\" data-product-weight>{{product.weight}}</dd>\n                        {{/all}}\n                        {{#all product.width product.height product.depth theme_settings.show_product_dimensions}}\n                            <dt class=\"productView-info-name productView-info-name--height\">{{lang 'products.width'}}</dt>\n                            <dd class=\"productView-info-value productView-info-value--height\" data-product-width>\n                                {{product.width}}\n                                {{#if settings.measurements.length '==' 'Centimeters'}}\n                                ({{lang 'products.measurement.metric'}})\n                                {{else}}\n                                ({{lang 'products.measurement.imperial'}})\n                                {{/if}}\n                            </dd>\n                            <dt class=\"productView-info-name productView-info-name--height\">{{lang 'products.height'}}</dt>\n                            <dd class=\"productView-info-value productView-info-value--height\" data-product-height>\n                                {{product.height}}\n                                {{#if settings.measurements.length '==' 'Centimeters'}}\n                                ({{lang 'products.measurement.metric'}})\n                                {{else}}\n                                ({{lang 'products.measurement.imperial'}})\n                                {{/if}}\n                            </dd>\n                            <dt class=\"productView-info-name productView-info-name--depth\">{{lang 'products.depth'}}</dt>\n                            <dd class=\"productView-info-value productView-info-value--depth\" data-product-depth>\n                                {{product.depth}}\n                                {{#if settings.measurements.length '==' 'Centimeters'}}\n                                ({{lang 'products.measurement.metric'}})\n                                {{else}}\n                                ({{lang 'products.measurement.imperial'}})\n                                {{/if}}\n                            </dd>\n                        {{/all}}\n                        {{#if product.min_purchase_quantity}}\n                            <dt class=\"productView-info-name productView-info-name--minQty\">{{lang 'products.min_purchase_quantity'}}</dt>\n                            <dd class=\"productView-info-value productView-info-value--minQty\">{{lang 'products.purchase_units' quantity=product.min_purchase_quantity}}</dd>\n                        {{/if}}\n                        {{#if product.max_purchase_quantity}}\n                            <dt class=\"productView-info-name productView-info-name--maxQty\">{{lang 'products.max_purchase_quantity'}}</dt>\n                            <dd class=\"productView-info-value productView-info-value--maxQty\">{{lang 'products.purchase_units' quantity=product.max_purchase_quantity}}</dd>\n                        {{/if}}\n                        {{#if product.gift_wrapping_available}}\n                            <dt class=\"productView-info-name productView-info-name--giftWrap\">{{lang 'products.gift_wrapping'}}</dt>\n                            <dd class=\"productView-info-value productView-info-value--giftWrap\">{{lang 'products.gift_wrapping_available'}}</dd>\n                        {{/if}}\n                        {{#if product.shipping}}\n                            {{#if product.shipping.calculated}}\n                                <dt class=\"productView-info-name productView-info-name--shippingCalc\">{{lang 'products.shipping'}}</dt>\n                                <dd class=\"productView-info-value productView-info-value--shippingCalc\">{{lang 'products.shipping_calculated'}}</dd>\n                            {{else}}\n                                {{#if product.shipping.price.value '===' 0}}\n                                    <dt class=\"productView-info-name productView-info-name--shippingFree\">{{lang 'products.shipping'}}</dt>\n                                    <dd class=\"productView-info-value productView-info-value--shippingFree\">{{lang 'products.shipping_free'}}</dd>\n                                {{else}}\n                                    <dt class=\"productView-info-name productView-info-name--shippingFixed\">{{lang 'products.shipping'}}</dt>\n                                    <dd class=\"productView-info-value productView-info-value--shippingFixed\">{{lang 'products.shipping_fixed' amount=product.shipping.price.formatted}}</dd>\n                                {{/if}}\n                            {{/if}}\n                        {{/if}}\n                        {{#unless theme_settings.productpage_bulk_price_table}}\n                        {{#or customer (unless settings.hide_price_from_guests)}}\n                        <div class=\"productView-info-bulkPricing\">\n                            {{> components/products/bulk-discount-rates bulk_discount_rates=product.bulk_discount_rates}}\n                        </div>\n                        {{/or}}\n                        {{/unless}}\n\n                        {{#unless theme_settings.productpage_custom_fields_tab}}\n                            {{#if theme_settings.productpage_custom_fields_hide_special}}\n                                {{#each product.custom_fields}}\n                                    {{#startsWith '__' name}}\n                                    {{else}}\n                                        <dt class=\"productView-info-name productView-info-name--cf{{pascalcase name}}\">{{name}}:</dt>\n                                        <dd class=\"productView-info-value productView-info-value--cf{{pascalcase name}}\">{{{value}}}</dd>\n                                    {{/startsWith}}\n                                {{/each}}\n                            {{else}}\n                                {{#each product.custom_fields}}\n                                    <dt class=\"productView-info-name productView-info-name--cf{{pascalcase name}}\">{{name}}:</dt>\n                                    <dd class=\"productView-info-value productView-info-value--cf{{pascalcase name}}\">{{{value}}}</dd>\n                                {{/each}}\n                            {{/if}}\n                        {{/unless}}\n                    </dl>\n\n                    {{#if theme_settings.productpage_bulk_price_table}}\n                    {{#or customer (unless settings.hide_price_from_guests)}}\n                        <div class=\"productView-info-bulkPricing\">\n                            {{> components/products/bulk-discount-rates bulk_discount_rates=product.bulk_discount_rates}}\n                        </div>\n                    {{/or}}\n                    {{/if}}\n                </div>\n            </section>\n\n            <section class=\"productView-images {{#unless theme_settings.productpage_vertical_thumbnails}}productView-images--bottom{{/unless}}\" data-image-gallery \n                {{#if theme_settings.alsobought_position '!==' 'left'}}\n                    data-sidebar-sticky\n                {{/if}}\n            >\n                {{!--\n                    Note that these image sizes are coupled to image sizes used in /assets/js/theme/common/product-details.js\n                    for variant/rule image replacement\n                --}}\n                {{#if schema}}\n                    {{#if product.main_image}}\n                        <meta itemprop=\"image\" content=\"{{getImage product.main_image 'zoom_size' (cdn theme_settings.default_image_product)}}\" />\n                    {{/if}}\n                {{/if}}\n                {{#if product.images}}\n                <ul class=\"productView-imageCarousel-main\" id=\"productView-imageCarousel-main-{{product.id}}\" data-image-gallery-main>\n                    {{#if theme_settings.product_image_responsive}}\n                        {{#each product.images}}\n                            <li class=\"productView-imageCarousel-main-item{{#startsWith this.data ../product.main_image.data}} slick-current{{/startsWith}}\">\n                                <a href=\"{{getImageSrcset this 'zoom_size' (cdn ../theme_settings.default_image_product) 1x=../theme_settings.zoom_size}}&amp;imbypass=on\"\n                                    data-original-zoom=\"{{getImageSrcset this 'zoom_size' (cdn ../theme_settings.default_image_product) 1x=../theme_settings.zoom_size}}&amp;imbypass=on\"\n                                    data-original-img=\"{{getImageSrcset this 'product_size' (cdn ../theme_settings.default_image_product) 1x=../theme_settings.product_size}}\"\n                                    data-original-srcset=\"{{getImageSrcset this use_default_sizes=true }}\">\n                                    {{#startsWith this.data ../product.main_image.data}}\n                                        {{!-- First image loads default quality image --}}\n                                            {{#if ../../theme_settings.lazyload_mode '==' 'lazyload'}}\n                                                {{!-- Disable lazyload for the first image if mode is not lazyload+lqip --}}\n                                                {{> components/common/responsive-img\n                                                    image=this\n                                                    fallback_size=../../../theme_settings.product_size\n                                                    lazyload='disabled'\n                                                    default_image=../../../theme_settings.default_image_product\n                                                    lqip_size=../../../theme_settings.product_size\n                                                    otherAttributes=(getVar 'productImageSizeAttrs')\n                                                }}\n                                            {{else}}\n                                                {{> components/common/responsive-img\n                                                    image=this\n                                                    fallback_size=../../../theme_settings.product_size\n                                                    lazyload=../../theme_settings.lazyload_mode\n                                                    default_image=../../../theme_settings.default_image_product\n                                                    lqip_size=../../../theme_settings.product_size\n                                                    otherAttributes=(getVar 'productImageSizeAttrs')\n                                                }}\n                                            {{/if}}\n                                    {{else}}\n                                        {{> components/common/responsive-img\n                                            image=this\n                                            fallback_size=../../theme_settings.product_size\n                                            lazyload=../../theme_settings.lazyload_mode\n                                            default_image=../../theme_settings.default_image_product\n                                            otherAttributes=(getVar 'productImageSizeAttrs')\n                                        }}\n                                    {{/startsWith}}\n                                </a>\n                            </li>\n                        {{/each}}\n                    {{else}}\n                        {{#each product.images}}\n                            <li class=\"productView-imageCarousel-main-item{{#startsWith this.data ../product.main_image.data}} slick-current{{/startsWith}}\">\n                                <a href=\"{{getImage this 'zoom_size' (cdn ../theme_settings.default_image_product)}}?imbypass=on\"\n                                    data-original-zoom=\"{{getImage this 'zoom_size' (cdn ../theme_settings.default_image_product)}}?imbypass=on\"\n                                    data-original-img=\"{{getImage this 'product_size' (cdn ../theme_settings.default_image_product)}}\"\n                                    data-original-srcset=\"\">\n                                    {{#if @index '===' 0}}\n                                        <img src=\"{{getImage this 'product_size' (cdn ../../theme_settings.default_image_product)}}\" alt=\"{{this.alt}}\" title=\"{{this.alt}}\" {{getVar 'productImageSizeAttrs'}}>\n                                    {{else}}\n                                        <img data-lazy=\"{{getImage this 'product_size' (cdn ../../theme_settings.default_image_product)}}\" alt=\"{{this.alt}}\" title=\"{{this.alt}}\" {{getVar 'productImageSizeAttrs'}}>\n                                    {{/if}}\n                                </a>\n                            </li>\n                        {{/each}}\n                    {{/if}}\n                </ul>\n                {{else}}\n                <ul class=\"productView-imageCarousel-main\" id=\"productView-imageCarousel-main-{{product.id}}\" data-image-gallery-main>\n                    <li class=\"productView-imageCarousel-main-item slick-current\">\n                        {{#if theme_settings.lazyload_mode '==' 'lazyload'}}\n                            {{!-- Disable lazyload for the first image if mode is not lazyload+lqip --}}\n                            {{> components/common/responsive-img\n                                image=product.main_image\n                                fallback_size=theme_settings.product_size\n                                lazyload='disabled'\n                                default_image=theme_settings.default_image_product\n                                otherAttributes=(getVar 'productImageSizeAttrs')\n                            }}\n                        {{else}}\n                            {{> components/common/responsive-img\n                                image=product.main_image\n                                fallback_size=theme_settings.product_size\n                                lazyload=theme_settings.lazyload_mode\n                                default_image=theme_settings.default_image_product\n                                otherAttributes=(getVar 'productImageSizeAttrs')\n                            }}\n                        {{/if}}\n                    </li>\n                </ul>\n                {{/if}}\n\n                {{#or product.price.non_sale_price_with_tax product.price.non_sale_price_without_tax}}\n                    {{#if theme_settings.product_sale_badges '===' 'sash'}}\n                        <div class=\"sale-flag-sash\">\n                            <span class=\"sale-text\">{{lang 'emthemesmodez.on_sale'}}</span>\n                        </div>\n                    {{else if theme_settings.product_sale_badges '===' 'topright'}}\n                        <div class=\"sale-flag-side\">\n                            <span class=\"sale-text\">{{lang 'emthemesmodez.on_sale'}}</span>\n                        </div>\n                    {{else if theme_settings.product_sale_badges '===' 'burst'}}\n                        <div class=\"starwrap\">\n                            <div class=\"sale-flag-star\"></div>\n                            <div class=\"sale-text-burst\">{{lang 'emthemesmodez.on_sale'}}</div>\n                        </div>\n                    {{/if}}\n                {{/or}}\n\n                {{#if theme_settings.product_custom_badges}}\n                    {{#each product.custom_fields}}\n                        {{#if name '===' '__badge'}}\n                            <div class=\"sale-flag-side sale-flag-side--custom\">\n                                <span class=\"sale-text\">{{{value}}}</span>\n                            </div>\n                        {{/if}}\n                    {{/each}}\n                {{/if}}\n\n\n                {{#if product.images.length '>' 1}}\n                <ul class=\"productView-imageCarousel-nav\" id=\"productView-imageCarousel-nav-{{product.id}}\" data-image-gallery-nav data-image-gallery-nav-slides=\"{{theme_settings.productpage_thumbnails_count}}\" {{#unless theme_settings.productpage_vertical_thumbnails}}data-image-gallery-nav-horizontal=\"true\"{{/unless}}>\n                    {{#each product.images}}\n                        <li class=\"productView-imageCarousel-nav-item{{#startsWith this.data ../product.main_image.data}} slick-current{{/startsWith}}\">\n                            {{> components/common/responsive-img\n                                image=this\n                                fallback_size=../theme_settings.productthumb_size\n                                lazyload=../theme_settings.lazyload_mode\n                                otherAttributes=(getVar 'productThumbSizeAttrs')\n                            }}\n                        </li>\n                    {{/each}}\n                </ul>\n                {{/if}}\n            </section>\n\n\n            <section class=\"productView-details\">\n                <div class=\"productView-options productView-options--{{theme_settings.product_options_column}}col\">\n                    {{#if product.release_date }}\n                        <p>{{product.release_date}}</p>\n                    {{/if}}\n\n                    <div class=\"productView-price\">\n                        {{#if product.call_for_price}}\n                            <span class=\"price--call\">{{product.call_for_price}}</span>\n                        {{else}}\n                            {{#or customer (unless settings.hide_price_from_guests)}}\n                                {{> components/products/price price=product.price schema_org=schema}}\n                            {{else}}\n                                {{> components/common/login-for-pricing}}\n                            {{/or}}\n                        {{/if}}\n                    </div>\n                    {{{region name=\"product_below_price--global\"}}}\n                    {{{region name=\"product_below_price\"}}}\n\n                    <form class=\"form form--addToCart\" method=\"post\" action=\"{{product.cart_url}}\" enctype=\"multipart/form-data\"\n                        data-cart-item-add>\n                        <input type=\"hidden\" name=\"action\" value=\"add\">\n                        <input type=\"hidden\" name=\"product_id\" value=\"{{product.id}}\"/>\n\n                        <div class=\"emthemesModez-productView-optionsGrid\">\n                            {{#each product.customizations}}\t\n                                {{{dynamicComponent 'components/products/customizations'}}}\t\n                            {{/each}}\n                            <div data-product-option-change style=\"display:none;\">\n                                {{#each product.options}}\n                                    {{{dynamicComponent 'components/products/options'}}}\n                                {{/each}}\n                            </div>\n                        </div>\n\n                        <div class=\"form-field form-field--stock{{#unless product.stock_level}} u-hiddenVisually{{/unless}}\">\n                            <label class=\"form-label form-label--alternate\">\n                                {{lang 'products.current_stock'}}\n                                <span data-product-stock>{{product.stock_level}}</span>\n                            </label>\n                        </div>\n\n                        {{{region name=\"product_addtocart_placeholder--global\"}}}\n                        {{{region name=\"product_addtocart_placeholder\"}}}\n                    </form>\n\n                    {{#if settings.show_wishlist}}\n                        {{> components/common/wishlist-dropdown}}\n                    {{/if}}\n                </div>\n\n                {{#if theme_settings.bannerAfterAddToCartButton '===' 'all'}}\n                    <div data-emthemesmodez-remote-banner=\"emthemesModezBannersBlockAfterAddToCartButton\"></div>\n                {{/if}}\n\n                {{> components/common/share url=product.url}}\n                {{{snippet 'product_details'}}}\n            </section>\n        </div>\n\n        {{#if theme_settings.alsobought_position '===' 'left'}}\n            {{> components/papa-supermarket/also-bought/also-bought}}\n        {{else if theme_settings.alsobought_position '===' 'right'}}\n            {{> components/papa-supermarket/also-bought/also-bought}}\n        {{/if}}\n    </div>\n\n    {{#if theme_settings.alsobought_position '===' 'wide'}}\n        {{> components/papa-supermarket/also-bought/also-bought}}\n    {{/if}}\n    \n    {{#if theme_settings.bannerBeforeDescription '===' 'all'}}\n        <div class=\"emthemesModezBannersBlockBeforeDescription-wrapper emthemesModezBannersBlockBeforeDescription-wrapper--{{theme_settings.productpage_description_type}}\"><div data-emthemesmodez-remote-banner=\"emthemesModezBannersBlockBeforeDescription\"></div></div>\n    {{/if}}\n\n    <div data-also-bought-parent-scope class=\"productView-descriptionWrapper\">\n        <article class=\"productView-description{{#if theme_settings.productpage_description_type '===' 'full'}} productView-description--full{{/if}}\">\n            <ul class=\"tabs tabs--alt\" data-tab>\n                <li class=\"tab tab--description is-active\">\n                    <a class=\"tab-title\" href=\"#tab-description\">{{lang 'products.description'}}</a>\n                </li>\n                {{#if theme_settings.productpage_videos_position '===' 'tab'}}\n                    {{#if product.videos.list.length}}\n                        <li class=\"tab tab--videos\">\n                            <a class=\"tab-title\" href=\"#tab-videos\">{{lang 'products.videos.header'}}</a>\n                        </li>\n                    {{/if}}\n                {{/if}}\n                {{#if product.warranty}}\n                    <li class=\"tab tab--warranty\">\n                        <a class=\"tab-title\" href=\"#tab-warranty\">{{lang 'products.warranty'}}</a>\n                    </li>\n                {{/if}}\n\n                {{#if (merge this specialCustomFields=0)}}{{/if}}\n                {{#if theme_settings.productpage_custom_fields_hide_special}}\n                    {{#each product.custom_fields}}\n                        {{#startsWith '__' name}}\n                            {{#if (merge ../../this specialCustomFields=(add ../../specialCustomFields 1))}}{{/if}}\n                        {{/startsWith}}\n                    {{/each}}\n                {{/if}}\n\n                {{#all product.custom_fields.length theme_settings.productpage_custom_fields_tab}}\n                {{#any (unless theme_settings.productpage_custom_fields_hide_special) (if product.custom_fields.length '>' specialCustomFields )}}\n                    <li class=\"tab tab--addition\">\n                        <a class=\"tab-title\" href=\"#tab-addition\">{{lang 'products.addition'}}</a>\n                    </li>\n                {{/any}}\n                {{/all}}\n                {{#all settings.show_product_reviews theme_settings.show_product_reviews_tabs}}\n                <li class=\"tab tab--reviews\">\n                    <a class=\"tab-title productView-reviewTabLink\" href=\"#tab-reviews\">{{lang 'products.reviews.header' total=product.reviews.total}}</a>\n                </li>\n                {{/all}}\n            </ul>\n            <div class=\"tabs-contents\">\n                <div class=\"tab-content is-active\" id=\"tab-description\" data-emthemesmodez-mobile-collapse>\n                    <h2 class=\"page-heading\">{{lang 'products.description'}}</h2>\n                    <div class=\"productView-description-tabContent emthemesModez-mobile-collapse-content\" data-emthemesmodez-mobile-collapse-content {{#if schema}} itemprop=\"description\"{{/if}} {{#if settings.data_tag_enabled}} data-event-type=\"product\" {{/if}}>\n                        {{{product.description}}}\n                        {{{snippet 'product_description'}}}\n                    </div>\n                    <a href=\"#\" class=\"emthemesModez-mobile-collapse-handle\" data-emthemesmodez-mobile-collapse-handle><span class=\"on\">{{lang 'common.view_all'}}</span><span class=\"off\">{{lang 'common.close'}}</span></a>\n                </div>\n                {{#if theme_settings.productpage_videos_position '===' 'tab'}}\n                    {{#if product.videos.list.length}}\n                        <div class=\"tab-content\" id=\"tab-videos\" data-emthemesmodez-mobile-collapse>\n                            <h2 class=\"page-heading\">{{lang 'products.videos.header'}}</h2>\n                            <div class=\"productView-description-tabContent emthemesModez-mobile-collapse-content\" data-emthemesmodez-mobile-collapse-content>\n                                <section class=\"videoGallery{{#if theme_settings.productpage_videos_position '===' 'tab'}} videoGallery--inTab{{/if}}\" data-video-gallery>\n                                    <div class=\"videoGallery-main\">\n                                        <iframe\n                                            id=\"player\"\n                                            type=\"text/html\"\n                                            width=\"640\"\n                                            height=\"390\"\n                                            frameborder=\"0\"\n                                            webkitAllowFullScreen\n                                            mozallowfullscreen\n                                            allowFullScreen\n                                            src=\"https://www.youtube.com/embed/{{product.videos.featured.id}}?rel=0\"\n                                            loading=\"lazy\"\n                                            data-video-player>\n                                        </iframe>\n                                    </div>\n                                    <ul class=\"videoGallery-list\">\n                                    {{#each product.videos.list}}\n                                        <li class=\"videoGallery-item\">\n                                            <a href=\"#\" class=\"video {{#if @first}}is-active{{/if}}\" data-video-item data-video-id=\"{{id}}\">\n                                                <div class=\"video-figure\">\n                                                    <img class=\"lazyload\" data-sizes=\"auto\" src=\"{{cdn 'img/loading.svg'}}\" data-src=\"//i.ytimg.com/vi/{{id}}/default.jpg\"/>\n                                                </div>\n                                                <div class=\"video-body\">\n                                                    <h5 class=\"video-title\">{{title_long}}</h5>\n                                                    <p class=\"video-description\">{{description_short}}</p>\n                                                </div>\n                                            </a>\n                                        </li>\n                                    {{/each}}\n                                    </ul>\n                                </section>\n                            </div>\n                            <a href=\"#\" class=\"emthemesModez-mobile-collapse-handle\" data-emthemesmodez-mobile-collapse-handle><span class=\"on\">{{lang 'common.view_all'}}</span><span class=\"off\">{{lang 'common.close'}}</span></a>\n                        </div>\n                    {{/if}}\n                {{/if}}\n                {{#if product.warranty}}\n                    <div class=\"tab-content\" id=\"tab-warranty\" data-emthemesmodez-mobile-collapse>\n                        <h2 class=\"page-heading\">{{lang 'products.warranty'}}</h2>\n                        <div class=\"productView-description-tabContent emthemesModez-mobile-collapse-content\" data-emthemesmodez-mobile-collapse-content>\n                            {{{product.warranty}}}\n                        </div>\n                        <a href=\"#\" class=\"emthemesModez-mobile-collapse-handle\" data-emthemesmodez-mobile-collapse-handle><span class=\"on\">{{lang 'common.view_all'}}</span><span class=\"off\">{{lang 'common.close'}}</span></a>\n                    </div>\n                {{/if}}\n                {{#all product.custom_fields.length theme_settings.productpage_custom_fields_tab}}\n                {{#any (unless theme_settings.productpage_custom_fields_hide_special) (if product.custom_fields.length '>' specialCustomFields )}}\n                    <div class=\"tab-content\" id=\"tab-addition\" data-emthemesmodez-mobile-collapse>\n                        <h2 class=\"page-heading\">{{lang 'products.addition'}}</h2>\n                        <div class=\"productView-addition-tabContent emthemesModez-mobile-collapse-content\" data-emthemesmodez-mobile-collapse-content>\n                            <table class=\"productView-addition-table table\">\n                                <tbody class=\"table-tbody\">\n                                    {{#if theme_settings.productpage_custom_fields_hide_special}}\n                                        {{#each product.custom_fields}}\n                                            {{#startsWith '__' name}}\n                                            {{else}}\n                                                <tr class=\"productView-info-row--cf{{pascalcase name}}\">\n                                                    <td><div class=\"productView-info-name productView-info-name--cf{{pascalcase name}}\">{{name}}:</div></td>\n                                                    <td><div class=\"productView-info-value productView-info-value--cf{{pascalcase name}}\">{{{value}}}</div></td>\n                                                </tr>\n                                            {{/startsWith}}\n                                        {{/each}}\n                                    {{else}}\n                                        {{#each product.custom_fields}}\n                                            <tr class=\"productView-info-row--cf{{pascalcase name}}\">\n                                                <td><div class=\"productView-info-name productView-info-name--cf{{pascalcase name}}\">{{name}}:</div></td>\n                                                <td><div class=\"productView-info-value productView-info-value--cf{{pascalcase name}}\">{{{value}}}</div></td>\n                                            </tr>\n                                        {{/each}}\n                                    {{/if}}\n                                </tbody>\n                            </table>\n                        </div>\n                        <a href=\"#\" class=\"emthemesModez-mobile-collapse-handle\" data-emthemesmodez-mobile-collapse-handle><span class=\"on\">{{lang 'common.view_all'}}</span><span class=\"off\">{{lang 'common.close'}}</span></a>\n                    </div>\n                {{/any}}\n                {{/all}}\n                {{#all settings.show_product_reviews theme_settings.show_product_reviews_tabs}}\n                <div class=\"tab-content\" id=\"tab-reviews\" data-emthemesmodez-mobile-collapse>\n                    <h2 class=\"page-heading\">{{lang 'products.reviews.header' total=product.reviews.total}}</h2>\n                    <div class=\"productView-description-tabContent emthemesModez-mobile-collapse-content\" data-emthemesmodez-mobile-collapse-content>\n                        {{> components/products/reviews reviews=product.reviews product=product urls=urls}}\n                    </div>\n                    <a href=\"#\" class=\"emthemesModez-mobile-collapse-handle\" data-emthemesmodez-mobile-collapse-handle><span class=\"on\">{{lang 'common.view_all'}}</span><span class=\"off\">{{lang 'common.close'}}</span></a>\n                </div>\n                {{/all}}\n            </div>\n        </article>\n    </div>\n    \n</div>\n","components/products/ratings":"{{#for 1 5}}\n    {{#if ../this.rating '>=' $index}}\n        <span class=\"icon icon--ratingFull\">\n            <svg>\n                <use href=\"#icon-star\" />\n            </svg>\n        </span>\n    {{else}}\n        <span class=\"icon icon--ratingEmpty\">\n            <svg>\n                <use href=\"#icon-star\" />\n            </svg>\n        </span>\n    {{/if}}\n{{/for}}\n{{{snippet 'product_rating'}}}\n","components/products/reviews":"{{#if reviews.total}}\n<section class=\"productReviews\" id=\"product-reviews\" data-product-reviews>\n    <ul class=\"productReviews-list\">\n        {{#each reviews.list}}\n        <li class=\"productReview\">\n            <article>\n                <header>\n                    <span class=\"productReview-rating rating--small\">\n                        {{> components/products/ratings rating=rating}}\n                        <span class=\"productReview-ratingNumber\">{{ rating }}</span>\n                    </span>\n                    <h5 class=\"productReview-title\">{{{sanitize title}}}</h5>\n                    {{#if name}}\n                        <p class=\"productReview-author\">\n                            {{{lang 'products.reviews.post_on_by' date=date name=(sanitize name) }}}\n                        </p>\n                    {{else}}\n                        <p class=\"productReview-author\">\n                            {{{lang 'products.reviews.post_on_by' date=date name=(lang 'products.reviews.anonymous_poster')}}}\n                        </p>\n                    {{/if}}\n                </header>\n                <p class=\"productReview-body\">{{{sanitize text}}}</p>\n            </article>\n        </li>\n        {{/each}}\n    </ul>\n    {{> components/common/paginator pagination.reviews instantload=true}}\n</section>\n{{/if}}\n{{{snippet 'reviews'}}}\n"}
