{"components/blog/post":"<article class=\"blog {{#if show_tags}}{{#if post.tags}}blog--has-tags{{/if}}{{/if}} {{#unless hide_social_icons}}blog--has-socials{{/unless}}\">\n    <div class=\"blog-post-figure\">\n        {{#if post.thumbnail}}\n            <figure class=\"blog-thumbnail\">\n                <a data-instantload href=\"{{post.url}}\">\n                    {{> components/common/responsive-img\n                        image=post.thumbnail\n                        fallback_size=theme_settings.blog_size\n                        lazyload=theme_settings.lazyload_mode\n                    }}\n                </a>\n            </figure>\n        {{/if}}\n    </div>\n\n    <div class=\"blog-post-body\">\n        <header class=\"blog-header\">\n            {{#if single}}\n                <h1 class=\"blog-title\">\n                    <a data-instantload href=\"{{post.url}}\">{{post.title}}</a>\n                </h1>\n            {{else}}\n                <h2 class=\"blog-title\">\n                    <a data-instantload href=\"{{post.url}}\">{{post.title}}</a>\n                </h2>\n            {{/if}}\n        </header>\n\n        <div class=\"blog-post\">\n            {{#if single}}\n                {{{region name=\"blog_post_body\"}}}\n            {{/if}}\n            {{#if post.body}}\n                {{{post.body}}}\n                <div class=\"blog-date\"><span class=\"blog-date-date\">{{post.date_published}}{{#if post.author}}</span> <span class=\"blog-date-author\">{{lang 'blog.posted_by' name=post.author}}{{/if}}</span></div>\n            {{else}}\n                {{#unless hide_summary}}\n                    <div class=\"blog-summary\">\n                        {{{post.summary}}}\n                        {{#if post.show_read_more}}\n                            &hellip; \n                        {{/if}}\n                    </div>\n                {{/unless}}\n\n                <div class=\"blog-dateContainer\">\n                    {{#unless hide_readmore}}\n                    {{#if post.show_read_more}}\n                        <div class=\"blog-readmore\"><a data-instantload href=\"{{url}}\">{{lang 'blog.read_more'}}</a></div>\n                    {{/if}}\n                    {{/unless}}\n                    <div class=\"blog-date\"><span class=\"blog-date-date\">{{post.date_published}}{{#if post.author}}</span> <span class=\"blog-date-author\">{{lang 'blog.posted_by' name=post.author}}{{/if}}</span></div>\n                </div>\n            {{/if}}\n        </div>\n\n        {{#if show_tags}}\n            {{#if post.tags}}\n                <ul class=\"tags\">\n                    {{#each post.tags}}\n                    <li class=\"tag\">\n                        <a data-instantload href=\"{{url}}\">#{{name}}</a>\n                    </li>\n                    {{/each}}\n                </ul>\n            {{/if}}\n        {{/if}}\n\n        {{#unless hide_social_icons}}\n            {{> components/common/share url=post.url}}\n        {{/unless}}\n\n    </div>\n</article>\n","components/carousel":"{{inject 'hasMainCarousel' true}}\n<section class=\"heroCarousel-container{{#if theme_settings.carousel_banners}} heroCarousel-container--hasBanners{{/if}}\">\n    <div class=\"heroCarousel\"\n        data-slick='{\n            \"dots\": true,\n            \"mobileFirst\": true,\n            \"slidesToShow\": 1,\n            \"slidesToScroll\": 1,\n            \"autoplay\": true,\n            \"autoplaySpeed\": {{carousel.swap_frequency}},\n            \"lazyLoad\": \"anticipated\"\n        }'\n        {{#if theme_settings.carousel_video_autoplay}} data-youtube-autoplay{{/if}}\n        {{#if theme_settings.carousel_video_mute}} data-youtube-mute{{/if}}>\n        {{#each carousel.slides}}\n        <div class=\"heroCarousel-slide {{#if ../theme_settings.homepage_carousel_style '==' 'stretch'}}heroCarousel-slide--stretch{{/if}} heroCarousel-slide--{{@index}}{{#if @first}} heroCarousel-slide--first{{/if}}\">\n            <div class=\"heroCarousel-image-wrapper{{#and image_height image_width}} heroCarousel-image-wrapper--sized{{/and}}\">\n                <a href=\"{{url}}\">\n                    {{#if @index '==' 0}}\n                        {{#if (merge this video=../../theme_settings.carousel_vid0)}}{{/if}}\n                    {{/if}}\n                    {{#if @index '==' 1}}\n                        {{#if (merge this video=../../theme_settings.carousel_vid1)}}{{/if}}\n                    {{/if}}\n                    {{#if @index '==' 2}}\n                        {{#if (merge this video=../../theme_settings.carousel_vid2)}}{{/if}}\n                    {{/if}}\n                    {{#if @index '==' 3}}\n                        {{#if (merge this video=../../theme_settings.carousel_vid3)}}{{/if}}\n                    {{/if}}\n                    {{#if @index '==' 4}}\n                        {{#if (merge this video=../../theme_settings.carousel_vid4)}}{{/if}}\n                    {{/if}}\n\n                    \n\n                    {{#if video}}\n                        <div class=\"heroCarousel-video-wrapper\">\n                            <div class=\"heroCarousel-image-box\" style=\"{{#if image_width}}width:{{image_width}}px{{/if}}\">\n                                {{#and image_height image_width}}<div class=\"heroCarousel-image-box-padding\" style=\"padding-bottom:{{multiply (divide image_height image_width) 100}}%\">{{/and}}\n                                    {{> components/common/responsive-img\n                                        image=stencil_image\n                                        class=\"heroCarousel-image\"\n                                        fallback_size='1920w'\n                                        lazyload='disabled'\n                                    }}\n                                {{#and image_height image_width}}</div>{{/and}}\n                            </div>\n                            <div class=\"heroCarousel-video\"><div data-youtube=\"{{video}}\"></div></div>\n                        </div>\n                    {{else}}\n                        <div class=\"heroCarousel-image-box\" style=\"{{#if image_width}}width:{{image_width}}px{{/if}}\">\n                            {{#and image_height image_width}}<div class=\"heroCarousel-image-box-padding\" style=\"padding-bottom:{{multiply (divide image_height image_width) 100}}%\">{{/and}}\n                                {{#if @first}}\n                                    {{> components/common/responsive-img\n                                        image=stencil_image\n                                        class=\"heroCarousel-image\"\n                                        fallback_size='1920w'\n                                        lazyload='disabled'\n                                        otherAttributes=(concat (concat (concat (concat 'width=\"' image_width) '\" height=\"') image_height) '\"')\n                                    }}\n                                {{else}}\n                                    {{> components/common/responsive-img\n                                        image=stencil_image\n                                        class=\"heroCarousel-image\"\n                                        fallback_size='1920w'\n                                        lazyload='lazyload'\n                                        otherAttributes=(concat (concat (concat (concat 'width=\"' image_width) '\" height=\"') image_height) '\"')\n                                    }}\n                                {{/if}}\n                            {{#and image_height image_width}}</div>{{/and}}\n                        </div>\n                    {{/if}}\n                    \n                    {{#if heading}}\n                        {{> components/carousel-content show_background=true}}\n                    {{else}}\n                        {{#if text}}\n                            {{> components/carousel-content show_background=true}}\n                        {{else}}\n                            {{#if button_text}}\n                                {{> components/carousel-content show_background=false}}\n                            {{/if}}\n                        {{/if}}\n                    {{/if}}\n                </a>\n            </div>\n        </div>\n        {{/each}}\n    </div>\n    {{#if theme_settings.carousel_banners}}\n        <div class=\"heroCarousel-banners\">\n            {{> components/papa-supermarket/sections/section-bc-banner find=\"papathemesHeroCarouselBanner\"}}\n        </div>\n    {{/if}}\n</section>\n","components/carousel-content":"<div class=\"heroCarousel-content{{#unless show_background}} heroCarousel-content--empty{{/unless}}\">\n    <h2 class=\"heroCarousel-title\">{{{heading}}}</h2>\n    <p class=\"heroCarousel-description\">{{{text}}}</p>\n    {{#if button_text}}\n        <span class=\"heroCarousel-action button button--primary button--large\">{{{button_text}}}</span>\n    {{/if}}\n</div>\n","components/common/login-for-pricing":"<a class=\"price--login\" href=\"/login.php\" translate>{{lang 'common.login_for_pricing'}}</a>\n","components/common/responsive-img":"{{!--\n    This file implements the lazysizes srcset pattern (as seen on\n    https://github.com/aFarkas/lazysizes#modern-transparent-srcset-pattern) for maximum performance on modern browsers\n    and reasonable compatibility with legacy browsers.\n    \n    There are a few important arguments to know about when using this component:\n    `lazyload`:\n        - If set to 'lazyload+lqip', will load a low-res image which will be replaced by lazysizes - ensuring that SOME\n        content is shown immediately on page load. Without LQIP, a transparent gif will be used instead, which reduces\n        the number of requests needed to load the page, making it even faster.\n        - If set to 'lazyload', the browser will not load the full-size image at first, instead the lazysizes plugin will\n            load it progressively after page load. This improves the load speed of the page, but it should be disabled for\n            high-priority above-the-fold images.\n        - If set to 'disabled', will not attempt to lazyload the image and instead tell the browser to load it immediately.\n            Use this for high-priority images that are above the fold.\n    \n    `fallback_size`:\n        This is the size to use for this image in legacy browsers that do not support srcset.\n        Can be defined as a pixel bounding-box size (e.g. \"123x123) or inherent width (e.g. \"123w\").\n    \n    `class`:\n        The CSS classes to add to the image, e.g. \"card-image\". If lazyloading is enabled, all images will have the\n        \"lazyload\" class so that lazysizes will target them automatically.\n    \n    `otherAttributes`:\n        Any other HTML attributes you want on the img tag, for example \"height='100' width='100'\"\n    \n    `default_image`:\n        The default image to use if `image` is undefined or falsy. Should be a theme asset, usually defined as a relative\n        path in the theme config. If a default image is not provided, you'll get an image tag with no image if the primary\n        image is undefined.\n    \n    `lqip_size`:\n        If you want to specify a particular size for the LQIP image, you can do so with this argument. A default of 80\n        pixels wide will be used otherwise. This argument has no effect if the lazyload mode is not \"lazyload+lqip\".\n    \n    --}}\n    <img {{#if image}}{{!-- Get the default image for legacy browsers that do not support srcset\n    --}}src=\"{{getImageSrcset image 1x=(default fallback_size '160w')}}\" alt=\"{{image.alt}}\" title=\"{{image.alt}}\" {{!--\n      Allow lazysizes to generate the 'sizes' attribute automatically --}}data-sizes=\"auto\"\n      {{#unless lazyload '==' 'disabled'}}\n        {{#if lazyload '==' 'lazyload+lqip'}}\n        {{!-- If we want a LQIP, include it as the default srcset (will be overwritten by lazysizes) --}}\n        srcset=\"{{getImageSrcset image 1x=(default lqip_size '80w')}}\"\n        {{else}}\n          {{!-- If we don't want a LQIP, use a 1px transparent gif for the stand-in image\n                This requires no additional network request, so it's fast --}}\n        srcset=\"data:image/gif;base64,R0lGODlhAQABAIAAAP///wAAACH5BAEAAAAALAAAAAABAAEAAAICRAEAOw==\"\n        {{/if}}\n    {{/unless}}\n    {{!-- If lazyloading is disabled, just use \"srcset\". If it is not disabled, use \"data-srcset\" so lazysizes will use\n          this after page load --}}\n    {{!--\n    Generate the srcset string using the default sizes defined in the helper. This will allow the browser to\n    pick the best-sized image based on its own understanding of how it will render the page.\n    --}}\n    {{#unless lazyload '==' 'disabled'}}data-{{/unless}}srcset=\"{{getImageSrcset image use_default_sizes=true }}\"\n    {{else if default_image}}src=\"{{cdn default_image}}\"{{/if}}\n    class=\"{{#unless lazyload '==' 'disabled'}}lazyload{{/unless}}{{#if class}} {{class}}{{/if}}\"\n    {{#if lazyload '==' 'lazyload'}}loading=\"lazy\"{{/if}}\n    {{otherAttributes}} />","components/common/responsive-img-url":"<img\n    {{#if lazyload '==' 'disabled'}}\n        src=\"{{image}}\" \n    {{else}}\n        data-sizes=\"auto\"\n        src=\"data:image/gif;base64,R0lGODlhAQABAIAAAP///wAAACH5BAEAAAAALAAAAAABAAEAAAICRAEAOw==\" \n        data-src=\"{{image}}\"\n    {{/if}}\n    class=\"{{#unless lazyload '==' 'disabled'}}lazyload{{/unless}}{{#if class}} {{class}}{{/if}}\"\n    alt=\"{{alt}}\"\n    title=\"{{alt}}\"\n/>","components/common/share":"{{#unless (getVar 'isCrawlerAndSpeedTestMode')}}\n{{#or settings.add_this.buttons settings.facebook_like_button.enabled}}\n    {{assignVar 'encodedUrl' (encodeURI url)}}\n    {{assignVar 'encodedTitle' (encodeURI head.title)}}\n    <div class=\"addthis_toolbox\">\n        {{#if settings.add_this.buttons}}\n            <ul class=\"socialLinks socialLinks--alt\">\n                {{#each settings.add_this.buttons}}\n                    <li class=\"socialLinks-item socialLinks-item--{{service}}\">\n                        {{#if service '===' 'facebook'}}\n                        <a class=\"socialLinks__link icon icon--{{service}}\"\n                        title=\"{{{capitalize service}}}\"\n                        href=\"https://facebook.com/sharer/sharer.php?u={{getVar 'encodedUrl'}}\"\n                        target=\"_blank\"\n                        rel=\"noopener\"\n                        {{{annotation}}}\n                        >\n                            <span class=\"aria-description--hidden\">{{{capitalize service}}}</span>\n                            <svg>\n                                <use href=\"#icon-facebook\"/>\n                            </svg>\n                        </a>\n                        {{else if service '===' 'email'}}\n                        <a class=\"socialLinks__link icon icon--{{service}}\"\n                        title=\"{{{capitalize service}}}\"\n                        href=\"mailto:?subject={{getVar 'encodedTitle'}}&amp;body={{getVar 'encodedUrl'}}\"\n                        target=\"_self\"\n                        rel=\"noopener\"\n                        {{{annotation}}}\n                        >\n                            <span class=\"aria-description--hidden\">{{{capitalize service}}}</span>\n                            <svg>\n                                <use href=\"#icon-envelope\"/>\n                            </svg>\n                        </a>\n                        {{else if service '===' 'print'}}\n                        <a class=\"socialLinks__link icon icon--{{service}}\"\n                        title=\"{{{capitalize service}}}\"\n                        onclick=\"window.print();return false;\"\n                        {{{annotation}}}\n                        >\n                            <span class=\"aria-description--hidden\">{{{capitalize service}}}</span>\n                            <svg>\n                                <use href=\"#icon-print\"/>\n                            </svg>\n                        </a>\n                        {{else if service '===' 'twitter'}}\n                        <a class=\"socialLinks__link icon icon--{{service}}\"\n                        href=\"https://twitter.com/intent/tweet/?text={{getVar 'encodedTitle'}}&amp;url={{getVar 'encodedUrl'}}\"\n                        target=\"_blank\"\n                        rel=\"noopener\"\n                        title=\"{{{capitalize service}}}\"\n                        {{{annotation}}}\n                        >\n                            <span class=\"aria-description--hidden\">{{{capitalize service}}}</span>\n                            <svg>\n                                <use href=\"#icon-twitter\"/>\n                            </svg>\n                        </a>\n                        {{else if service '===' 'linkedin'}}\n                        <a class=\"socialLinks__link icon icon--{{service}}\"\n                        title=\"{{{capitalize service}}}\"\n                        href=\"https://www.linkedin.com/shareArticle?mini=true&amp;url={{getVar 'encodedUrl'}}&amp;title={{getVar 'encodedTitle'}}&amp;summary={{getVar 'encodedTitle'}}&amp;source={{getVar 'encodedUrl'}}\"\n                        target=\"_blank\"\n                        rel=\"noopener\"\n                        {{{annotation}}}\n                        >\n                            <span class=\"aria-description--hidden\">{{{capitalize service}}}</span>\n                            <svg>\n                                <use href=\"#icon-linkedin\"/>\n                            </svg>\n                        </a>\n                        {{else if service '===' 'pinterest'}}\n                        <a class=\"socialLinks__link icon icon--{{service}}\"\n                        title=\"{{{capitalize service}}}\"\n                        href=\"https://pinterest.com/pin/create/button/?url={{getVar 'encodedUrl'}}&amp;description={{getVar 'encodedTitle'}}\"\n                        target=\"_blank\"\n                        rel=\"noopener\"\n                        {{{annotation}}}\n                        >\n                            <span class=\"aria-description--hidden\">{{{capitalize service}}}</span>\n                            <svg>\n                                <use href=\"#icon-pinterest\"/>\n                            </svg>\n                        </a>\n                        {{/if}}\n                    </li>\n                {{/each}}\n            </ul>\n        {{/if}}\n        {{#if settings.facebook_like_button.enabled}}\n            <iframe\n                class=\"facebook{{#if settings.facebook_like_button.verb '===' 'recommend'}}Recommend{{else}}Like{{/if}}Btn\"\n                style=\"border:none; overflow:hidden; margin: 0; padding: 0; height: 20px; margin-top: .75rem; max-width: 100%\"\n                src=\"https://www.facebook.com/plugins/like.php?href={{settings.facebook_like_button.href}}&amp;layout=button_count{{#if settings.facebook_like_button.verb '===' 'recommend'}}&amp;action=recommend{{/if}}&amp;colorscheme=light&amp;height=20\"\n                scrolling=\"no\"\n                frameborder=\"0\"\n                allowTransparency=\"true\">\n            </iframe>\n        {{/if}}\n    </div>\n{{/or}}\n{{/unless}}\n","components/emthemes-modez/blog/featured":"<h2 class=\"page-heading {{#if style}}page-heading--blogGrid-{{style}}{{/if}}\">{{lang 'blog.recent_posts' }}</h2>\n\n<ul class=\"emthemesModez-blogGrid {{#if style}}emthemesModez-blogGrid--{{style}}{{/if}}\">\n\t{{#each posts}}\n\t\t<li class=\"emthemesModez-blogItem\">\n\t    \t{{> components/blog/post post=this hide_social_icons=true settings=../settings hide_summary=../hide_summary hide_readmore=../hide_readmore}}\n\t    </li>\n\t{{/each}}\n</ul>","components/emthemes-modez/sections/section":"{{#if section '===' ''}}\n\n{{else if section '===' 'slideshow'}}\n    {{#if carousel}}\n        {{> components/carousel}}\n    {{/if}}\n\n{{else if section '===' 'special_products_tabs'}}\n    {{#or theme_settings.specialProductsTab_show_featured theme_settings.specialProductsTab_show_top theme_settings.specialProductsTab_show_new}}\n        {{#or theme_settings.specialProductsTab_init_count theme_settings.specialProductsTab_lazy_count}}\n            <div class=\"emthemesModez-section {{#if index}}emthemesModez-section--index{{index}}{{/if}} emthemesModez-section--specialProductsTabs\">\n            <div class=\"emthemesModez-section-inner\">\n                {{> components/papa-supermarket/special-products-tabs/section}}\n            </div>\n            </div>\n        {{/or}}\n    {{/or}}\n\n{{else if section '===' 'special_products_columns'}}\n    {{#or theme_settings.specialProductsColumns_show_featured theme_settings.specialProductsColumns_show_top theme_settings.specialProductsColumns_show_new}}\n    <div class=\"emthemesModez-section {{#if index}}emthemesModez-section--index{{index}}{{/if}} emthemesModez-section--specialProductsColumns\">\n    <div class=\"emthemesModez-section-inner\">\n    {{> components/papa-supermarket/sections/section-special-products-columns}}\n    </div>\n    </div>\n    {{/or}}\n\n{{else if section '===' 'products_by_category_sorting_tabs'}}\n    {{#if theme_settings.productsByCategorySortingTabs_catIDs}}\n        {{inject 'hasProductsByCategorySortingTabs' true}}\n        <div class=\"emthemesModez-sections-group\"\n        data-pbcst-group=\"{{theme_settings.productsByCategorySortingTabs_catIDs}}\"\n        data-sort=\"{{theme_settings.productsByCategorySortingTabs_active}}\"\n        data-limit=\"{{theme_settings.productsByCategorySortingTabs_products}}\"\n        {{#if theme_settings.productsByCategorySortingTabs_lazy}}data-lazy{{/if}}></div>\n    {{else if theme_settings.productsByCategorySortingTabs_count '>' 0}}\n        {{inject 'hasProductsByCategorySortingTabs' true}}\n        <div class=\"emthemesModez-sections-group\"\n            data-pbcst-group=\"{{join (pluck (limit categories theme_settings.productsByCategorySortingTabs_count) 'id') ','}}\"\n            data-sort=\"{{theme_settings.productsByCategorySortingTabs_active}}\"\n            data-limit=\"{{theme_settings.productsByCategorySortingTabs_products}}\"\n            {{#if theme_settings.productsByCategorySortingTabs_lazy}}data-lazy{{/if}}></div>\n    {{/if}}\n\n{{else if section '===' 'categories_list'}}\n    {{#if theme_settings.categoriesList_count '>' 0}}\n    <div class=\"emthemesModez-section {{#if index}}emthemesModez-section--index{{index}}{{/if}} emthemesModez-section--categoriesGrid\">\n    <div class=\"emthemesModez-section-inner\">\n    {{> components/papa-supermarket/sections/section-categories-list limit=theme_settings.categoriesList_count sub_limit=theme_settings.categoriesList_subCount}}\n    </div>\n    </div>\n    {{/if}}\n\n{{else if section '===' 'blog_recent'}}\n    {{#if theme_settings.homepage_blog_posts_position '===' 'content'}}\n    {{#if theme_settings.homepage_blog_posts_count '>' 0}}\n    <div class=\"emthemesModez-section {{#if index}}emthemesModez-section--index{{index}}{{/if}} emthemesModez-section--blog\">\n    <div class=\"emthemesModez-section-inner\">\n        {{#if theme_settings.blog_style '==' 'featured'}}\n            {{> components/emthemes-modez/blog/featured posts=blog.recent_posts style=\"featured\"}}\n        {{else}}\n            {{> components/emthemes-modez/blog/featured posts=blog.recent_posts style=\"3col\"}}\n        {{/if}}\n    </div>\n    </div>\n    {{/if}}\n    {{/if}}\n\n{{else if section '===' 'bc_banner_home_1'}}\n    {{> components/papa-supermarket/sections/section-bc-banner find=\"emthemesModezBannersBlockHome01\"}}\n\n{{else if section '===' 'bc_banner_home_2'}}\n    {{> components/papa-supermarket/sections/section-bc-banner find=\"emthemesModezBannersBlockHome02\"}}\n\n{{else if section '===' 'bc_banner_home_3'}}\n    {{> components/papa-supermarket/sections/section-bc-banner find=\"emthemesModezBannersBlockHome03\"}}\n\n{{else if section '===' 'new_products'}}\n    {{#if products.new}}\n        <div class=\"emthemesModez-section emthemesModez-section--alt {{#if index}}emthemesModez-section--index{{index}}{{/if}} emthemesModez-section--newProducts emthemesModez-section--displayType-grid\">\n        <div class=\"emthemesModez-section-inner\">\n        {{> components/papa-supermarket/products/new \n            products=products.new \n            columns=4 \n            display_type='grid'}}\n        </div>\n        </div>\n    {{/if}}\n    {{{region name=\"home_below_new_products\"}}}\n\n{{else if section '===' 'featured_products'}}\n    {{#if products.featured}}\n        <div class=\"emthemesModez-section {{#if index}}emthemesModez-section--index{{index}}{{/if}} emthemesModez-section--featuredProducts emthemesModez-section--displayType-grid\">\n        <div class=\"emthemesModez-section-inner\">\n        {{> components/products/featured \n            products=products.featured \n            columns=4 \n            display_type='grid'}}\n        </div>\n        </div>\n    {{/if}}\n    {{{region name=\"home_below_featured_products\"}}}\n\n{{else if section '===' 'popular_products'}}\n    {{#if products.top_sellers}}\n        <div class=\"emthemesModez-section {{#if index}}emthemesModez-section--index{{index}}{{/if}} emthemesModez-section--topProducts emthemesModez-section--displayType-grid\">\n        <div class=\"emthemesModez-section-inner\">\n        {{> components/products/top \n            products=products.top_sellers \n            columns=4 \n            display_type='grid'}}\n        </div>\n        </div>\n    {{/if}}\n    {{{region name=\"home_below_top_products\"}}}\n{{/if}}\n","components/papa-supermarket/home/hero":"<div class=\"container container--emthemesModez-section1-{{theme_settings.homepage_carousel_style}}\" id=\"emthemesModez-section1-container\">\n    <div class=\"emthemesModez-section1 emthemesModez-section1--{{theme_settings.homepage_carousel_style}}\">\n        {{> components/emthemes-modez/sections/section section=\"slideshow\"}}\n    </div>\n</div>\n{{{snippet 'home_content'}}}","components/papa-supermarket/products/new":"<div class=\"papaSupermarket-newProducts\">\n    <div class=\"papaSupermarket-newProducts-banner\">\n        <img src=\"{{lang 'papasupermarket.new_products.image'}}\" alt=\"{{lang 'products.new'}}\">\n    </div>\n    <div class=\"papaSupermarket-newProducts-products\">\n        <div class=\"papaSupermarket-newProducts-products-inner\">\n            {{#unless hide_heading}}\n            <h2 class=\"page-heading\">{{lang 'products.new' }}</h2>\n            {{/unless}}\n\n            {{#if display_type '==' 'carousel'}}\n                {{> components/products/carousel products=products}}\n            {{else if display_type '==' 'grid'}}\n                <ul class=\"productGrid productGrid--maxCol{{ columns }}\" data-product-type=\"new\">\n                    {{#each products}}\n                        <li class=\"product\">\n                            {{>components/products/card \n                                show_compare=../show_compare \n                                show_rating=../settings.show_product_rating\n                                theme_settings=../theme_settings \n                                settings=../settings \n                                customer=../customer}}\n                        </li>\n                    {{/each}}\n                </ul>\n            {{else}}\n                <ul class=\"productList productList--maxCol{{ columns }}\" data-product-type=\"new\">\n                    {{#each products}}\n                        <li class=\"product\">\n                            {{>components/products/list-item \n                            \tsummary=false\n                            \tshow_compare=../show_compare \n                            \tshow_rating=../settings.show_product_rating \n                                theme_settings=../theme_settings \n                                settings=../settings \n                                customer=../customer}}\n                        </li>\n                    {{/each}}\n                </ul>\t\n            {{/if}}\n        </div>\n    </div>\n</div>","components/papa-supermarket/sections/section-bc-banner":"{{!--\nArguments:\n    - find (string)\n--}}\n{{#if banners.top_metadata}}\n\t{{#each banners.top_metadata}}\n\t    {{#if (occurrences this.content ../find) '>' 0}}\n\t        {{{this.content}}}\n\t    {{/if}}\n\t{{/each}}\n{{/if}}","components/papa-supermarket/sections/section-categories-list":"{{!--\nArguments:\n    - categories (array)\n    - limit (number)\n    - sub_limit (number)\n    - style (string)\n--}}\n{{#if limit '>' 0}}\n<h2 class=\"page-heading\"><span>{{lang 'papasupermarket.categories_list.heading'}}</span></h2>\n<section class=\"papaSupermarket-categoriesList-section {{#if style}}papaSupermarket-categoriesList-section--{{style}}{{/if}} {{#if theme_settings.categoriesList_showBanner}}papaSupermarket-categoriesList-section--hasImage{{/if}}\">\n    <ul class=\"papaSupermarket-categoriesList\">\n        {{#each (limit categories limit)}}\n            <li class=\"papaSupermarket-categoriesList-item\">\n                {{#if ../theme_settings.categoriesList_showBanner}}\n                <div class=\"papaSupermarket-categoriesList-item-image\"><a href=\"{{url}}\">{{> components/common/responsive-img-url image=(concat (concat '/product_images/uploaded_images/categories-list-thumbnail-' (add @index 1)) '.jpg?c=2') alt=name lazyload=../../theme_settings.lazyload_mode}}</a></div>\n                {{/if}}\n                <div class=\"papaSupermarket-categoriesList-item-body\">\n                    <h4 class=\"papaSupermarket-categoriesList-item-name\"><a href=\"{{url}}\">{{name}}</a></h4>\n                    {{#if children}}\n                    <ul class=\"papaSupermarket-subCategoriesList\">\n                        {{#each (limit children ../../sub_limit)}}\n                        <li class=\"papaSupermarket-subCategoriesList-item\"><a href=\"{{url}}\">{{name}}</a></li>\n                        {{/each}}\n                    </ul>\n                    <div class=\"papaSupermarket-categoriesList-item-moreLink\"><a href=\"{{url}}\">{{lang 'papasupermarket.categories_list.see_all'}}</a></div>\n                    {{/if}}\n                </div>\n            </li>\n        {{/each}}\n    </ul>\n</section>\n{{/if}}","components/papa-supermarket/sections/section-special-products-columns":"<div class=\"papaSupermarket-specialProductsColumns{{#if style}} papaSupermarket-specialProductsColumns--{{style}}{{/if}}\">\n\n    {{#and products.featured theme_settings.specialProductsColumns_show_featured}}\n    <section class=\"papaSupermarket-specialProductsColumns-column papaSupermarket-specialProductsColumns-column--featured\">\n        {{> components/products/featured \n            products=(limit products.featured theme_settings.specialProductsColumns_products_count)\n            columns=1\n            display_type='list'}}\n    </section>\n    {{/and}}\n\n    {{#and products.top_sellers theme_settings.specialProductsColumns_show_top}}\n    <section class=\"papaSupermarket-specialProductsColumns-column papaSupermarket-specialProductsColumns-column---bestselling\">\n        {{> components/products/top \n            products=(limit products.top_sellers theme_settings.specialProductsColumns_products_count)\n            columns=1\n            display_type='list'}}\n    </section>\n    {{/and}}\n\n    {{#and products.new theme_settings.specialProductsColumns_show_new}}\n    <section class=\"papaSupermarket-specialProductsColumns-column papaSupermarket-specialProductsColumns-column---new\">\n        {{> components/products/new \n            products=(limit products.new theme_settings.specialProductsColumns_products_count)\n            columns=1\n            display_type='list'}}\n    </section>\n    {{/and}}\n\n</div>","components/papa-supermarket/special-products-tabs/section":"{{inject 'hasSpecialProductsTabs' true}}\n<div class=\"emthemesModez-specialProductsTabs emthemesModez-specialProductsTabs--supermarket1\" data-special-products-tabs>\n    <ul class=\"tabs\" id=\"emthemesModez-specialProductsTabs-tabs\" data-tab role=\"tablist\">\n        {{#if theme_settings.specialProductsTab_show_featured}}\n            {{#or (unless theme_settings.specialProductsTab_init_count) products.featured}}\n                <li class=\"tab{{#if theme_settings.specialProductsTab_active_tab '===' 'featured'}} is-active{{/if}}\" role=\"presentation\"><a class=\"tab-title\" href=\"#tab-featured-products\" role=\"tab\" tabindex=\"0\" aria-selected=\"{{#if theme_settings.specialProductsTab_active_tab '===' 'featured'}}true{{else}}false{{/if}}\" aria-controls=\"tab-featured-products\">{{lang 'products.featured' }}</a></li>\n            {{/or}}\n        {{/if}}\n        {{#if theme_settings.specialProductsTab_show_top}}\n            {{#or (unless theme_settings.specialProductsTab_init_count) products.top_sellers}}\n                <li class=\"tab{{#if theme_settings.specialProductsTab_active_tab '===' 'top'}} is-active{{/if}}\" role=\"presentation\"><a class=\"tab-title\" href=\"#tab-bestselling-products\" role=\"tab\" tabindex=\"0\" aria-selected=\"{{#if theme_settings.specialProductsTab_active_tab '===' 'top'}}true{{else}}false{{/if}}\" aria-controls=\"tab-bestselling-products\">{{lang 'products.top' }}</a></li>\n            {{/or}}\n        {{/if}}\n        {{#if theme_settings.specialProductsTab_show_new}}\n            {{#or (unless theme_settings.specialProductsTab_init_count) products.new}}\n                <li class=\"tab{{#if theme_settings.specialProductsTab_active_tab '===' 'new'}} is-active{{/if}}\" role=\"presentation\"><a class=\"tab-title\" href=\"#tab-new-products\" role=\"tab\" tabindex=\"0\" aria-selected=\"{{#if theme_settings.specialProductsTab_active_tab '===' 'new'}}true{{else}}false{{/if}}\" aria-controls=\"tab-new-products\">{{lang 'products.new' }}</a></li>\n            {{/or}}\n        {{/if}}\n    </ul>\n    <div class=\"tabs-contents\">\n        <section role=\"tabpanel\" aria-hidden=\"{{#if theme_settings.specialProductsTab_active_tab '===' 'featured'}}false{{else}}true{{/if}}\" class=\"tab-content{{#if theme_settings.specialProductsTab_active_tab '===' 'featured'}} is-active{{/if}}\" id=\"tab-featured-products\" data-product-type=\"featured\">\n            {{> components/products/featured \n                products=products.featured\n                columns=4 \n                hide_heading=true \n                display_type='grid'}}\n            {{#if theme_settings.specialProductsTab_lazy_count}}\n                <div class=\"emthemesModez-specialProductsTabs-viewportCheck\" data-viewport-check=\"featured\"></div>\n            {{/if}}\n        </section>\n        <section role=\"tabpanel\" aria-hidden=\"{{#if theme_settings.specialProductsTab_active_tab '===' 'top'}}false{{else}}true{{/if}}\" class=\"tab-content{{#if theme_settings.specialProductsTab_active_tab '===' 'top'}} is-active{{/if}}\" id=\"tab-bestselling-products\" data-product-type=\"top\">\n            {{> components/products/top \n                products=products.top_sellers\n                columns=4 \n                hide_heading=true \n                display_type='grid'}}\n            {{#if theme_settings.specialProductsTab_lazy_count}}\n                <div class=\"emthemesModez-specialProductsTabs-viewportCheck\" data-viewport-check=\"top\"></div>\n            {{/if}}\n        </section>\n        <section role=\"tabpanel\" aria-hidden=\"{{#if theme_settings.specialProductsTab_active_tab '===' 'new'}}false{{else}}true{{/if}}\" class=\"tab-content{{#if theme_settings.specialProductsTab_active_tab '===' 'new'}} is-active{{/if}}\" id=\"tab-new-products\" data-product-type=\"new\">\n            {{> components/products/new \n                products=products.new\n                columns=4 \n                hide_heading=true \n                display_type='grid'}}\n            {{#if theme_settings.specialProductsTab_lazy_count}}\n                <div class=\"emthemesModez-specialProductsTabs-viewportCheck\" data-viewport-check=\"new\"></div>\n            {{/if}}\n        </section>\n    </div>\n    <div class=\"loading\" style=\"display:none\"></div>\n    <div class=\"emthemesModez-specialProductsTabs-actionGroup\">\n        <a href=\"#\" class=\"button button--small loadMore\" style=\"display:none\">{{lang 'papasupermarket.products_by_category_sorting_tabs.load_more'}}</a>\n        <a href=\"#\" class=\"button button--small collapse\" style=\"display:none\">{{lang 'papasupermarket.products_by_category_sorting_tabs.collapse'}}</a>\n    </div>\n</div>","components/products/card":"<article class=\"card {{#if alternate}}card--alternate{{/if}}\"\n    {{#if settings.data_tag_enabled}}\n        data-event-type=\"{{event}}\"\n        data-entity-id=\"{{id}}\"\n        data-position=\"{{position}}\"\n        data-name=\"{{name}}\"\n        data-product-category=\"{{#each category}}{{#if @last}}{{this}}{{else}}{{this}}, {{/if}}{{/each}}\"\n        data-product-brand=\"{{brand.name}}\"\n        data-product-price=\"\n            {{#or customer (unless settings.hide_price_from_guests)}}\n                {{#if price.with_tax}}\n                    {{price.with_tax.value}}\n                {{else}}\n                    {{price.without_tax.value}}\n                {{/if}}\n            {{else}}\n                {{lang 'common.login_for_pricing'}}\n            {{/or}}\"\n        \"\n    {{/if}}\n>\n    <figure class=\"card-figure\">\n        {{#if theme_settings.product_outstock_badge}}\n            {{#or customer (unless settings.hide_price_from_guests)}}\n                {{#if out_of_stock_message }}\n                    <div class=\"sale-flag-side sale-flag-side--outstock\">\n                        <span class=\"sale-text\">{{out_of_stock_message}}</span>\n                    </div>\n                {{/if}}\n            {{/or}}\n        {{/if}}\n        {{#or price.non_sale_price_with_tax price.non_sale_price_without_tax}}\n            {{#if theme_settings.product_sale_badges '===' 'sash'}}\n                <div class=\"sale-flag-sash\">\n                    <span class=\"sale-text\">{{lang 'emthemesmodez.on_sale'}}</span>\n                </div>\n            {{else if theme_settings.product_sale_badges '===' 'topright'}}\n                <div class=\"sale-flag-side\">\n                    <span class=\"sale-text\">{{lang 'emthemesmodez.on_sale'}}</span>\n                </div>\n            {{else if theme_settings.product_sale_badges '===' 'burst'}}\n                <div class=\"starwrap\">\n                    <div class=\"sale-flag-star\"></div>\n                    <div class=\"sale-text-burst\">{{lang 'emthemesmodez.on_sale'}}</div>\n                </div>\n            {{/if}}\n        {{/or}}\n        {{#if theme_settings.product_custom_badges}}\n            {{#each custom_fields}}\n                {{#if name '===' '__badge'}}\n                    <div class=\"sale-flag-side sale-flag-side--custom\">\n                        <span class=\"sale-text\">{{{value}}}</span>\n                    </div>\n                {{/if}}\n            {{/each}}\n        {{/if}}\n        <a href=\"{{url}}\" {{#if settings.data_tag_enabled}} data-event-type=\"product-click\" {{/if}} data-instantload>\n            <div class=\"card-img-container\">\n                {{> components/common/responsive-img\n                    image=image\n                    class=\"card-image\"\n                    fallback_size=theme_settings.productgallery_size\n                    lazyload=theme_settings.lazyload_mode\n                    default_image=theme_settings.default_image_product\n                    otherAttributes=(getVar 'productCardImageSizeAttrs')\n                }}\n                {{#if theme_settings.card_showHoverImage}}\n                    {{#each (limit images 2)}}\n                        {{#if @index '>' 0}}\n                            {{> components/common/responsive-img\n                                image=this\n                                class=\"card-image\"\n                                fallback_size=../../theme_settings.productgallery_size\n                                lazyload=../../theme_settings.lazyload_mode\n                                default_image=../../theme_settings.default_image_product\n                                otherAttributes=(getVar 'productCardImageSizeAttrs')\n                            }}\n                        {{/if}}\n                    {{/each}}\n                {{/if}}\n            </div>\n        </a>\n        <figcaption class=\"card-figcaption\">\n            <div class=\"card-figcaption-body\">\n                <div class=\"card-buttons\">\n                    {{#if show_cart_action}}\n                        {{#if has_options}}\n                            <a href=\"{{url}}\" data-event-type=\"product-click\" class=\"button button--small button--primary card-figcaption-button{{#unless hide_product_quick_view}}{{#if theme_settings.show_product_quick_view}}{{#if theme_settings.ajax_add_to_cart}} quickview-alt{{/if}}{{/if}}{{/unless}}\" data-product-id=\"{{id}}\">{{lang 'products.choose_options'}}</a>\n                        {{/if}}\n                        {{#if pre_order}}\n                            <a href=\"{{url}}\" data-event-type=\"product-click\" class=\"button button--small button--primary card-figcaption-button\">{{lang 'products.pre_order'}}</a>\n                        {{/if}}\n                        {{#if add_to_cart_url }}\n                            <a href=\"{{add_to_cart_url}}\"{{#unless theme_settings.ajax_add_to_cart}} data-event-type=\"product-click\"{{/unless}} class=\"button button--small button--primary card-figcaption-button\"{{#if theme_settings.ajax_add_to_cart}} data-emthemesmodez-cart-item-add{{/if}}>{{lang 'products.add_to_cart'}}</a>\n                        {{/if}}\n                        {{#unless theme_settings.product_outstock_badge}}\n                            {{#if out_of_stock_message }}\n                                <a href=\"{{url}}\" data-event-type=\"product-click\" class=\"button button--small card-figcaption-button\" data-product-id=\"{{id}}\">{{out_of_stock_message}}</a>\n                            {{/if}}\n                        {{/unless}}\n                    {{/if}}\n\n                    {{#if show_compare}}\n                        <button type=\"button\" class=\"button button--small card-figcaption-button card-figcaption-button--compare\" \n                            data-compare-id=\"{{id}}\"\n                            data-compare-image=\"{{getImage image 'productthumb_size' (cdn theme_settings.default_image_product)}}\"\n                            data-compare-title=\"{{name}}\"\n                        >{{lang 'products.compare'}}</button>\n                    {{/if}}\n                </div>\n\n                <div class=\"card-buttons card-buttons--alt\">\n                    {{#unless hide_product_quick_view}}\n                        {{#if theme_settings.show_product_quick_view}}\n                            <a class=\"button button--small card-figcaption-button quickview\" {{#if settings.data_tag_enabled}} data-event-type=\"product-click\" {{/if}} data-product-id=\"{{id}}\">{{lang 'products.quick_view'}}</a>\n                        {{/if}}\n                    {{/unless}}\n                </div>\n            </div>\n        </figcaption>\n    </figure>\n    <div class=\"card-body\">\n        <h4 class=\"card-title\">\n            <a href=\"{{url}}\" data-instantload {{#if settings.data_tag_enabled}} data-event-type=\"product-click\" {{/if}}>{{name}}</a>\n        </h4>\n\n        {{#if brand.name}}\n            <p class=\"card-text card-text--brand\" data-test-info-type=\"brandName\">{{brand.name}}</p>\n        {{/if}}\n\n        {{#and rating show_rating}}\n            <p class=\"card-text card-text--rating\" data-test-info-type=\"productRating\">\n                <span class=\"rating--small\">\n                    {{> components/products/ratings rating=rating}}\n                </span>\n            </p>\n        {{/and}}\n\n        <div class=\"card-text card-text--price\" data-test-info-type=\"price\">\n            {{#or customer (unless settings.hide_price_from_guests)}}\n                {{> components/products/price price=price customer=customer}}\n            {{else}}\n                {{> components/common/login-for-pricing}}\n            {{/or}}\n        </div>\n\n        <div class=\"card-text card-text--summary\" data-test-info-type=\"summary\">\n            {{#if summary}}\n                {{{summary}}}\n            {{/if}}\n        </div>\n\n        {{#if theme_settings.show_sku}}\n        {{#if sku}}\n        <div class=\"card-text card-text--sku\" data-test-info-type=\"sku\">\n            {{{sku}}}\n        </div>\n        {{/if}}\n        {{/if}}\n\n        {{#if show_info}}\n        {{#if show_info '!==' 'hide'}}\n            <dl class=\"card-info\">\n                {{#if sku}}\n                    <dt class=\"card-info-name card-info-name--sku\">{{lang 'products.sku'}}</dt>\n                    <dd class=\"card-info-value card-info-value--sku\">{{sku}}</dd>\n                {{/if}}\n                {{#if upc}}\n                    <dt class=\"card-info-name card-info-name--upc\">{{lang 'products.upc'}}</dt>\n                    <dd class=\"card-info-value card-info-value--upc\">{{upc}}</dd>\n                {{/if}}\n                {{#if condition}}\n                    <dt class=\"card-info-name card-info-name--condition\">{{lang 'products.condition'}}</dt>\n                    <dd class=\"card-info-value card-info-value--condition\">{{condition}}</dd>\n                {{/if}}\n                {{#if availability}}\n                    <dt class=\"card-info-name card-info-name--availability\">{{lang 'products.availability'}}</dt>\n                    <dd class=\"card-info-value card-info-value--availability\">{{availability}}</dd>\n                {{/if}}\n                {{#all weight theme_settings.show_product_weight}}\n                    <dt class=\"card-info-name card-info-name--weight\">{{lang 'products.weight'}}</dt>\n                    <dd class=\"card-info-value card-info-value--weight\">{{weight.formatted}}</dd>\n                {{/all}}\n                {{#all width height depth theme_settings.show_product_dimensions}}\n                    <dt class=\"card-info-name card-info-name--height\">{{lang 'products.width'}}</dt>\n                    <dd class=\"card-info-value card-info-value--height\">\n                        {{width}}\n                        {{#if settings.measurements.length '==' 'Centimeters'}}\n                        ({{lang 'products.measurement.metric'}})\n                        {{else}}\n                        ({{lang 'products.measurement.imperial'}})\n                        {{/if}}\n                    </dd>\n                    <dt class=\"card-info-name card-info-name--height\">{{lang 'products.height'}}</dt>\n                    <dd class=\"card-info-value card-info-value--height\">\n                        {{height}}\n                        {{#if settings.measurements.length '==' 'Centimeters'}}\n                        ({{lang 'products.measurement.metric'}})\n                        {{else}}\n                        ({{lang 'products.measurement.imperial'}})\n                        {{/if}}\n                    </dd>\n                    <dt class=\"card-info-name card-info-name--depth\">{{lang 'products.depth'}}</dt>\n                    <dd class=\"card-info-value card-info-value--depth\">\n                        {{depth}}\n                        {{#if settings.measurements.length '==' 'Centimeters'}}\n                        ({{lang 'products.measurement.metric'}})\n                        {{else}}\n                        ({{lang 'products.measurement.imperial'}})\n                        {{/if}}\n                    </dd>\n                {{/all}}\n                {{#if min_purchase_quantity}}\n                    <dt class=\"card-info-name card-info-name--minQty\">{{lang 'products.min_purchase_quantity'}}</dt>\n                    <dd class=\"card-info-value card-info-value--minQty\">{{lang 'products.purchase_units' quantity=min_purchase_quantity}}</dd>\n                {{/if}}\n                {{#if max_purchase_quantity}}\n                    <dt class=\"card-info-name card-info-name--maxQty\">{{lang 'products.max_purchase_quantity'}}</dt>\n                    <dd class=\"card-info-value card-info-value--maxQty\">{{lang 'products.purchase_units' quantity=max_purchase_quantity}}</dd>\n                {{/if}}\n                {{#if gift_wrapping_available}}\n                    <dt class=\"card-info-name card-info-name--giftWrap\">{{lang 'products.gift_wrapping'}}</dt>\n                    <dd class=\"card-info-value card-info-value--giftWrap\">{{lang 'products.gift_wrapping_available'}}</dd>\n                {{/if}}\n                {{#if shipping}}\n                    {{#if shipping.calculated}}\n                        <dt class=\"card-info-name card-info-name--shippingCalc\">{{lang 'products.shipping'}}</dt>\n                        <dd class=\"card-info-value card-info-value--shippingCalc\">{{lang 'products.shipping_calculated'}}</dd>\n                    {{else}}\n                        {{#if shipping.price.value '===' 0}}\n                            <dt class=\"card-info-name card-info-name--shippingFree\">{{lang 'products.shipping'}}</dt>\n                            <dd class=\"card-info-value card-info-value--shippingFree\">{{lang 'products.shipping_free'}}</dd>\n                        {{else}}\n                            <dt class=\"card-info-name card-info-name--shippingFixed\">{{lang 'products.shipping'}}</dt>\n                            <dd class=\"card-info-value card-info-value--shippingFixed\">{{lang 'products.shipping_fixed' amount=shipping.price.formatted}}</dd>\n                        {{/if}}\n                    {{/if}}\n                {{/if}}\n\n                {{#if theme_settings.productpage_custom_fields_hide_special}}\n                    {{#each custom_fields}}\n                        {{#startsWith '__' name}}\n                        {{else}}\n                            <dt class=\"card-info-name card-info-name--cf{{pascalcase name}}\">{{name}}:</dt>\n                            <dd class=\"card-info-value card-info-value--cf{{pascalcase name}}\">{{{value}}}</dd>\n                        {{/startsWith}}\n                    {{/each}}\n                {{else}}\n                    {{#each custom_fields}}\n                        <dt class=\"card-info-name card-info-name--cf{{pascalcase name}}\">{{name}}:</dt>\n                        <dd class=\"card-info-value card-info-value--cf{{pascalcase name}}\">{{{value}}}</dd>\n                    {{/each}}\n                {{/if}}\n            </dl>\n        {{/if}}\n        {{/if}}\n    </div>\n\n    {{#if show_aside}}\n    <div class=\"card-aside\">\n        <div class=\"card-text card-text--price\" data-test-info-type=\"price\">\n            {{#or customer (unless settings.hide_price_from_guests)}}\n                {{> components/products/price price=price customer=customer}}\n            {{else}}\n                {{> components/common/login-for-pricing}}\n            {{/or}}\n        </div>\n        <div class=\"card-buttons\">\n            {{#if show_cart_action}}\n                {{#if has_options}}\n                    <a href=\"{{url}}\" data-event-type=\"product-click\" class=\"button button--small button--primary card-figcaption-button{{#unless hide_product_quick_view}}{{#if theme_settings.show_product_quick_view}}{{#if theme_settings.ajax_add_to_cart}} quickview-alt{{/if}}{{/if}}{{/unless}}\" data-product-id=\"{{id}}\">{{lang 'products.choose_options'}}</a>\n                {{/if}}\n                {{#if pre_order}}\n                    <a href=\"{{url}}\" data-event-type=\"product-click\" class=\"button button--small button--primary card-figcaption-button\">{{lang 'products.pre_order'}}</a>\n                {{/if}}\n                {{#if add_to_cart_url }}\n                    <a href=\"{{add_to_cart_url}}\" {{#unless theme_settings.ajax_add_to_cart}} data-event-type=\"product-click\"{{/unless}} class=\"button button--small button--primary card-figcaption-button\"{{#if theme_settings.ajax_add_to_cart}} data-emthemesmodez-cart-item-add{{/if}}>{{lang 'products.add_to_cart'}}</a>\n                {{/if}}\n                {{#if out_of_stock_message }}\n                    <a href=\"{{url}}\" data-event-type=\"product-click\" class=\"button button--small card-figcaption-button\" data-product-id=\"{{id}}\">{{out_of_stock_message}}</a>\n                {{/if}}\n            {{/if}}\n\n            {{#if show_compare}}\n                <button type=\"button\" class=\"button button--small card-figcaption-button card-figcaption-button--compare\" \n                    data-compare-id=\"{{id}}\"\n                    data-compare-image=\"{{getImage image 'productthumb_size' (cdn theme_settings.default_image_product)}}\"\n                    data-compare-title=\"{{name}}\"\n                >{{lang 'products.compare'}}</button>\n            {{/if}}\n\n            {{#unless hide_product_quick_view}}\n                {{#if theme_settings.show_product_quick_view}}\n                    <a class=\"button button--small card-figcaption-button quickview\" data-product-id=\"{{id}}\">{{lang 'products.quick_view'}}</a>\n                {{/if}}\n            {{/unless}}\n        </div>\n    </div>\n    {{/if}}\n\n    {{#if show_bulk_order}}\n    <div class=\"card-bulkOrder\">\n        <div class=\"card-bulkOrder-fieldRow card-bulkOrder-qtyInCart\">\n            <span class=\"card-bulkOrder-label\">{{lang 'bulk_order.qty_in_cart'}}: </span>\n            <span class=\"card-bulkOrder-value\" data-bulkorder-cart-qty-id=\"{{id}}\">0</span>\n        </div>\n        <div class=\"card-bulkOrder-fieldRow card-bulkOrder-qty\">\n            {{#or add_to_cart_url pre_order_add_to_cart_url}}\n                <div class=\"card-bulkOrder-label\">{{lang 'bulk_order.qty'}}: </div>\n                <div class=\"card-bulkOrder-value\">\n                    <div class=\"form-increment\" data-quantity-change>\n                        <button class=\"button button--icon\" data-action=\"dec\" type=\"button\">\n                            <span class=\"is-srOnly\">{{lang 'products.quantity_decrease' name=name}}</span>\n                            <i class=\"icon\" aria-hidden=\"true\">\n                                <svg>\n                                    <use href=\"#icon-keyboard-arrow-down\"/>\n                                </svg>\n                            </i>\n                        </button>\n                        <input class=\"form-input form-input--incrementTotal\"\n                            data-bulkorder-qty-id=\"{{id}}\"\n                            name=\"qty_{{id}}\"\n                            type=\"tel\"\n                            value=\"0\"\n                            data-quantity-min=\"{{min_purchase_quantity}}\"\n                            data-quantity-max=\"{{max_purchase_quantity}}\"\n                            min=\"0\"\n                            pattern=\"[0-9]*\"\n                            aria-live=\"polite\">\n                        <button class=\"button button--icon\" data-action=\"inc\" type=\"button\">\n                            <span class=\"is-srOnly\">{{lang 'products.quantity_increase' name=name}}</span>\n                            <i class=\"icon\" aria-hidden=\"true\">\n                                <svg>\n                                    <use href=\"#icon-keyboard-arrow-up\"/>\n                                </svg>\n                            </i>\n                        </button>\n                    </div>\n                </div>\n            {{/or}}\n        </div>\n        <div class=\"card-bulkOrder-fieldRow card-bulkOrder-price\">\n            <div class=\"card-bulkOrder-label\">{{lang 'bulk_order.price'}}: </div>\n            <div class=\"card-bulkOrder-value\">\n                <div class=\"card-text card-text--price\" data-test-info-type=\"price\">\n                    {{#or customer (unless settings.hide_price_from_guests)}}\n                        {{#or price.with_tax price.without_tax}}\n                            <span\n                                data-bulkorder-price-id=\"{{id}}\" \n                                data-bulkorder-price-value=\"{{#if price.with_tax}}{{price.with_tax.value}}{{else}}{{price.without_tax.value}}{{/if}}\"\n                                data-bulkorder-price-formatted=\"{{#if price.with_tax}}{{price.with_tax.formatted}}{{else}}{{price.without_tax.formatted}}{{/if}}\"\n                            ></span>\n                        {{/or}}\n                        {{> components/products/price price=price customer=customer}}\n                    {{else}}\n                        {{> components/common/login-for-pricing}}\n                    {{/or}}\n                </div>\n            </div>\n        </div>\n        <div class=\"card-bulkOrder-fieldRow card-bulkOrder-subtotal\">\n                <div class=\"card-bulkOrder-label\">{{lang 'bulk_order.subtotal'}}: </div>\n                <div class=\"card-bulkOrder-value\">\n                    <div class=\"card-text card-text--price\">\n                        <span class=\"price price--main\" data-bulkorder-subtotal-id=\"{{id}}\"></span>\n                    </div>\n                </div>\n        </div>\n        <div class=\"card-bulkOrder-action\">\n            {{#if show_cart_action}}\n                {{#if has_options}}\n                    {{#all (unless hide_product_quick_view) theme_settings.show_product_quick_view theme_settings.ajax_add_to_cart}}\n                        <a href=\"{{url}}\" class=\"button button--small button--primary card-figcaption-button quickview-alt\" data-product-id=\"{{id}}\">{{lang 'products.choose_options'}}</a>\n                    {{else}}\n                        <a href=\"{{url}}\" data-event-type=\"product-click\" class=\"button button--small button--primary card-figcaption-button\" data-product-id=\"{{id}}\">{{lang 'products.choose_options'}}</a>\n                    {{/all}}\n                {{/if}}\n                {{#if pre_order}}\n                    {{#if pre_order_add_to_cart_url}}\n                        <a href=\"{{pre_order_add_to_cart_url}}\" {{#unless theme_settings.ajax_add_to_cart}} data-event-type=\"product-click\"{{/unless}} class=\"button button--small button--primary card-figcaption-button\"{{#if theme_settings.ajax_add_to_cart}} data-emthemesmodez-cart-item-add{{/if}} data-check-qty>{{lang 'products.pre_order'}}</a>\n                    {{else}}\n                        <a href=\"{{url}}\" data-event-type=\"product-click\" class=\"button button--small button--primary card-figcaption-button\">{{lang 'products.pre_order'}}</a>\n                    {{/if}}\n                {{/if}}\n                {{#if add_to_cart_url }}\n                    <a href=\"{{add_to_cart_url}}\" {{#unless theme_settings.ajax_add_to_cart}} data-event-type=\"product-click\"{{/unless}} class=\"button button--small button--primary card-figcaption-button\"{{#if theme_settings.ajax_add_to_cart}} data-emthemesmodez-cart-item-add{{/if}} data-check-qty>{{lang 'products.add_to_cart'}}</a>\n                {{/if}}\n                {{#if out_of_stock_message }}\n                    <a href=\"{{url}}\" data-event-type=\"product-click\" class=\"button button--small card-figcaption-button\" data-product-id=\"{{id}}\">{{out_of_stock_message}}</a>\n                {{/if}}\n            {{/if}}\n        </div>\n    </div>\n    {{/if}}\n</article>\n","components/products/carousel":"<section class=\"productCarousel\"\n    {{#if settings.data_tag_enabled}} data-list-name=\"{{list}}\"{{/if}}\n    data-slick='{\n        \"dots\": false,\n        \"infinite\": false,\n        \"mobileFirst\": true,\n        \"slidesToShow\": 2,\n        \"slidesToScroll\": 2,\n        \"responsive\": [\n            {\n                \"breakpoint\": 1260,\n                \"settings\": {\n                    \"slidesToScroll\": 4,\n                    \"slidesToShow\": {{ columns }}\n                }\n            },\n            {\n                \"breakpoint\": 800,\n                \"settings\": {\n                    \"slidesToScroll\": 3,\n                    \"slidesToShow\": 4\n                }\n            },\n            {\n                \"breakpoint\": 550,\n                \"settings\": {\n                    \"slidesToScroll\": 3,\n                    \"slidesToShow\": 2\n                }\n            }\n        ]\n    }'\n>\n    {{#each products}}\n    <div class=\"productCarousel-slide\" data-product-id=\"{{id}}\">\n        {{> components/products/card show_info=(if ../theme_settings.card_info '==' 'all') settings=../settings theme_settings=../theme_settings customer=../customer event=\"list\" position=(add @index 1)}}\n    </div>\n    {{/each}}\n</section>\n","components/products/featured":"{{#unless hide_heading}}\n<h2 class=\"page-heading\">{{lang 'products.featured' }}</h2>\n{{/unless}}\n\n{{#if display_type '==' 'carousel'}}\n    {{> components/products/carousel products=products}}\n{{else if display_type '==' 'grid'}}\n    <ul class=\"productGrid productGrid--maxCol{{ columns }}\" data-product-type=\"featured\">\n        {{#each products}}\n            <li class=\"product\" data-product-id=\"{{id}}\">\n                {{>components/products/card \n                    show_compare=../show_compare \n                    show_rating=../settings.show_product_rating\n                    show_info=(if ../theme_settings.card_info '==' 'all')\n                    theme_settings=../theme_settings \n                    settings=../settings \n                    customer=../customer}}\n            </li>\n        {{/each}}\n    </ul>\n{{else}}\n    <ul class=\"productList productList--maxCol{{ columns }}\" data-product-type=\"featured\">\n        {{#each products}}\n            <li class=\"product\" data-product-id=\"{{id}}\">\n                {{>components/products/list-item \n                \tsummary=false\n                \tshow_compare=../show_compare \n                    show_rating=../settings.show_product_rating \n                    theme_settings=../theme_settings \n                    settings=../settings \n                    customer=../customer}}\n            </li>\n        {{/each}}\n    </ul>\t\n{{/if}}","components/products/list-item":"{{#if settings.data_tag_enabled}}\n    <article class=\"listItem\"\n        data-event-type=\"{{event}}\"\n        data-entity-id=\"{{id}}\"\n        data-position=\"{{position}}\"\n        data-name=\"{{name}}\"\n        data-product-category=\"{{#each category}}{{#if @last}}{{this}}{{else}}{{this}}, {{/if}}{{/each}}\"\n        data-product-brand=\"{{brand.name}}\"\n        data-product-price=\"\n            {{#or customer (unless settings.hide_price_from_guests)}}\n                {{#if price.with_tax}}\n                    {{price.with_tax.value}}\n                {{else}}\n                    {{price.without_tax.value}}\n                {{/if}}\n            {{else}}\n                {{lang 'common.login_for_pricing'}}\n            {{/or}}\n        \">\n{{else}}\n    <article class=\"listItem\" >\n{{/if}}\n    <figure class=\"listItem-figure\">\n        {{#if theme_settings.product_outstock_badge}}\n            {{#or customer (unless settings.hide_price_from_guests)}}\n                {{#if out_of_stock_message }}\n                    <div class=\"sale-flag-side sale-flag-side--outstock\">\n                        <span class=\"sale-text\">{{out_of_stock_message}}</span>\n                    </div>\n                {{/if}}\n            {{/or}}\n        {{/if}}\n        {{#or price.non_sale_price_with_tax price.non_sale_price_without_tax}}\n            {{#if theme_settings.product_sale_badges '===' 'sash'}}\n                <div class=\"sale-flag-sash\">\n                    <span class=\"sale-text\">{{lang 'emthemesmodez.on_sale'}}</span>\n                </div>\n            {{else if theme_settings.product_sale_badges '===' 'topright'}}\n                <div class=\"sale-flag-side\">\n                    <span class=\"sale-text\">{{lang 'emthemesmodez.on_sale'}}</span>\n                </div>\n            {{else if theme_settings.product_sale_badges '===' 'burst'}}\n                <div class=\"starwrap\">\n                    <div class=\"sale-flag-star\"></div>\n                    <div class=\"sale-text-burst\">{{lang 'emthemesmodez.on_sale'}}</div>\n                </div>\n            {{/if}}\n        {{/or}}\n        {{#if theme_settings.product_custom_badges}}\n            {{#each custom_fields}}\n                {{#if name '===' '__badge'}}\n                    <div class=\"sale-flag-side sale-flag-side--custom\">\n                        <span class=\"sale-text\">{{{value}}}</span>\n                    </div>\n                {{/if}}\n            {{/each}}\n        {{/if}}\n        {{> components/common/responsive-img\n            image=image\n            class=\"listItem-image\"\n            fallback_size=theme_settings.productgallery_size\n            lazyload=theme_settings.lazyload_mode\n            default_image=theme_settings.default_image_product\n            otherAttributes=(getVar 'productCardImageSizeAttrs')\n        }}\n    </figure>\n    <div class=\"listItem-body\">\n        <div class=\"listItem-content\">\n            <div class=\"listItem-details\">\n                <h4 class=\"listItem-title\">\n                    <a href=\"{{url}}\" {{#if settings.data_tag_enabled}} data-event-type=\"product-click\" {{/if}}>{{name}}</a>\n                </h4>\n                {{#if brand.name}}\n                <p class=\"listItem-brand\">{{brand.name}}</p>\n                {{/if}}\n                {{#if price}}\n                    <div class=\"listItem-price\">\n                        {{#or customer (unless settings.hide_price_from_guests)}}\n                            {{> components/products/price price=price customer=customer}}\n                        {{else}}\n                            {{> components/common/login-for-pricing}}\n                        {{/or}}\n                    </div>\n                {{/if}}\n                {{#and rating show_rating}}\n                    <p class=\"listItem-rating\"><span class=\"rating--small\">{{> components/products/ratings rating=rating}}</span></p>\n                {{/and}}\n                {{#if summary}}\n                    <p>{{{summary}}}</p>\n                {{/if}}\n            </div>\n            <div class=\"listItem-actions\">\n                <div class=\"listItem-buttons\">\n                {{#if show_cart_action}}\n                {{#unless hide_add_to_cart}}\n                    {{#if has_options}}\n                        <a href=\"{{url}}\" {{#if settings.data_tag_enabled}} data-event-type=\"product-click\" {{/if}} class=\"button button--small button--primary{{#unless hide_product_quick_view}}{{#if theme_settings.show_product_quick_view}}{{#if theme_settings.ajax_add_to_cart}} quickview-alt{{/if}}{{/if}}{{/unless}}\" data-product-id=\"{{id}}\">{{lang \"products.choose_options\"}}</a>\n                    {{else}}\n                        {{#if out_of_stock_message }}\n                        <a href=\"{{url}}\" {{#if settings.data_tag_enabled}} data-event-type=\"product-click\" {{/if}} class=\"button button--small button--primary\">{{out_of_stock_message}}</a>\n                        {{else}}\n                        <a href=\"{{add_to_cart_url}}\" {{#if settings.data_tag_enabled}}{{#unless theme_settings.ajax_add_to_cart}} data-event-type=\"product-click\"{{/unless}}{{/if}} class=\"button button--small button--primary\"{{#if theme_settings.ajax_add_to_cart}} data-emthemesmodez-cart-item-add{{/if}}>{{lang \"products.add_to_cart\"}}</a>\n                        {{/if}}\n                    {{/if}}\n                {{/unless}}\n                {{/if}}\n                {{#if show_compare}}\n                <a class=\"button button--small button--compare\" href=\"#\" data-compare-id=\"{{id}}\">{{lang 'products.compare'}}</a>\n                {{/if}}\n                {{#unless hide_product_quick_view}}\n                    {{#if theme_settings.show_product_quick_view}}\n                        <a {{#if settings.data_tag_enabled}} data-event-type=\"product-click\" {{/if}} class=\"button button--small quickview\" data-product-id=\"{{id}}\">{{lang 'products.quick_view'}}</a>\n                    {{/if}}\n                {{/unless}}\n                </div>\n            </div>\n        </div>\n    </div>\n</article>\n","components/products/new":"{{#unless hide_heading}}\n<h2 class=\"page-heading\">{{lang 'products.new' }}</h2>\n{{/unless}}\n\n{{#if display_type '==' 'carousel'}}\n    {{#if settings.data_tag_enabled}}\n        {{> components/products/carousel products=products list=\"New Products\"}}\n    {{else}}\n        {{> components/products/carousel products=products}}\n    {{/if}}\n{{else if display_type '==' 'grid'}}\n    <ul class=\"productGrid productGrid--maxCol{{ columns }}\" data-product-type=\"new\" {{#if settings.data_tag_enabled}} data-list-name=\"New Products\"{{/if}}>\n        {{#each products}}\n            <li class=\"product\" data-product-id=\"{{id}}\">\n                {{>components/products/card \n                    show_compare=../show_compare \n                    show_rating=../settings.show_product_rating\n                    show_info=(if ../theme_settings.card_info '==' 'all')\n                    settings=../settings\n                    theme_settings=../theme_settings \n                    customer=../customer\n                    event=\"list\" position=(add @index 1)}}\n            </li>\n        {{/each}}\n    </ul>\n{{else}}\n    <ul class=\"productList productList--maxCol{{ columns }}\" data-product-type=\"new\" {{#if settings.data_tag_enabled}} data-list-name=\"New Products\"{{/if}}>\n        {{#each products}}\n            <li class=\"product\" data-product-id=\"{{id}}\">\n                {{>components/products/list-item \n                \tsummary=false\n                \tshow_compare=../show_compare \n                    show_rating=../settings.show_product_rating \n                    settings=../settings\n                    theme_settings=../theme_settings \n                    customer=../customer\n                    event=\"list\" position=(add @index 1)}}\n            </li>\n        {{/each}}\n    </ul>\t\n{{/if}}","components/products/price":"{{! Supermarket: \n    Add class: price-was-label, price--main\n}}\n{{!-- There are 2 code paths for generating the PDP pricing HTML determined by the following #and condition. \n    If a 'price_range' exists then we generate all HTML in price-range.html, otherwise it is defined here. Both code\n    paths generate the same HTML structure with some differences in whether that element is displayed by default (css styling).\n    \n    If you are making a change here or in price-range.html, you probably want to make that change in both files. --}}\n    \n    {{#and price.price_range (if theme_settings.price_ranges '==' true)}}\n        {{> components/products/price-range price=price}}\n    {{else}}\n        {{#if price.with_tax}}\n            <div class=\"price-section price-section--withTax rrp-price--withTax\" {{#unless price.rrp_with_tax}}style=\"display: none;\"{{/unless}}>\n                <span class=\"price-was-label\">{{theme_settings.pdp-retail-price-label}}</span>\n                <span data-product-rrp-with-tax class=\"price price--rrp\">\n                    {{price.rrp_with_tax.formatted}}\n                </span>\n            </div>\n            <div class=\"price-section price-section--withTax\">\n                <span class=\"price-label\" {{#if price.non_sale_price_with_tax}}style=\"display: none;\"{{/if}}>\n                    {{theme_settings.pdp-price-label}}\n                </span>\n                <span class=\"price-now-label\" {{#unless price.non_sale_price_with_tax}}style=\"display: none;\"{{/unless}}>\n                    {{theme_settings.pdp-sale-price-label}}\n                </span>\n                <span data-product-price-with-tax class=\"price price--withTax price--main\">{{price.with_tax.formatted}}</span>\n                {{#if price.without_tax}}\n                    <abbr title=\"{{lang 'products.including_tax'}}\">{{lang 'products.price_with_tax' tax_label=price.tax_label}}</abbr>\n                {{/if}}\n            </div>\n            <div class=\"price-section price-section--withTax non-sale-price--withTax\" {{#unless price.non_sale_price_with_tax}}style=\"display: none;\"{{/unless}}>\n                <span class=\"price-was-label\">{{theme_settings.pdp-non-sale-price-label}}</span>\n                <span data-product-non-sale-price-with-tax class=\"price price--non-sale\">\n                    {{price.non_sale_price_with_tax.formatted}}\n                </span>\n            </div>\n        {{/if}}\n        {{#if price.without_tax}}\n            <div class=\"price-section price-section--withoutTax rrp-price--withoutTax{{#if price.with_tax}} price-section--minor{{/if}}\" {{#unless price.rrp_without_tax}}style=\"display: none;\"{{/unless}}>\n                <span class=\"price-was-label\">{{theme_settings.pdp-retail-price-label}}</span>\n                <span data-product-rrp-price-without-tax class=\"price price--rrp\"> \n                    {{price.rrp_without_tax.formatted}}\n                </span>\n            </div>\n            <div class=\"price-section price-section--withoutTax\">\n                <span class=\"price-label\" {{#if price.non_sale_price_without_tax}}style=\"display: none;\"{{/if}}>\n                    {{theme_settings.pdp-price-label}}\n                </span>\n                <span class=\"price-now-label\" {{#unless price.non_sale_price_without_tax}}style=\"display: none;\"{{/unless}}>\n                    {{theme_settings.pdp-sale-price-label}}\n                </span>\n                <span data-product-price-without-tax class=\"price price--withoutTax{{#if price.with_tax}} price-section--minor{{/if}} price--main\">{{price.without_tax.formatted}}</span>\n                {{#if price.with_tax}}\n                    <abbr title=\"{{lang 'products.excluding_tax'}}\">{{lang 'products.price_without_tax' tax_label=price.tax_label}}</abbr>\n                {{/if}}\n            </div>\n            <div class=\"price-section price-section--withoutTax non-sale-price--withoutTax{{#if price.with_tax}} price-section--minor{{/if}}\" {{#unless price.non_sale_price_without_tax}}style=\"display: none;\"{{/unless}}>\n                <span class=\"price-was-label\">{{theme_settings.pdp-non-sale-price-label}}</span>\n                <span data-product-non-sale-price-without-tax class=\"price price--non-sale\">\n                    {{price.non_sale_price_without_tax.formatted}}\n                </span>\n            </div>\n        {{/if}}\n        {{#if page_type '===' 'product'}}\n             <div class=\"price-section price-section--saving\" {{#unless price.saved}}style=\"display: none;\"{{/unless}}>\n                    <span class=\"price\">{{lang 'products.you_save_opening_text'}}</span>\n                    <span data-product-price-saved class=\"price price--saving\">\n                        {{price.saved.formatted}}\n                    </span>\n                    <span class=\"price\">{{lang 'products.you_save_closing_bracket'}}</span>\n             </div>\n        {{/if}}\n    {{/and}}\n    ","components/products/price-range":"{{#and price.price_range.min.with_tax price.price_range.max.with_tax}}{{! Added by Papathemes to fix display tax/non-tax retail price when select product option }}\n{{#and price.retail_price_range.min.with_tax price.retail_price_range.max.with_tax}}\n    <div class=\"price-section price-section--withTax rrp-price--withTax\">\n        <span class=\"price-was-label\">{{theme_settings.pdp-retail-price-label}}</span>\n        <span data-product-rrp-price-with-tax class=\"price price--rrp\">{{price.retail_price_range.min.with_tax.formatted}} - {{price.retail_price_range.max.with_tax.formatted}}</span>\n    </div>\n{{else}}\n    {{#if price.with_tax}}\n        <div class=\"price-section price-section--withTax rrp-price--withTax\" style=\"display: none;\">\n            <span class=\"price-was-label\">{{theme_settings.pdp-retail-price-label}}</span>\n            <span data-product-rrp-with-tax class=\"price price--rrp\">\n                {{price.rrp_with_tax.formatted}}\n            </span>\n        </div>\n    {{/if}}\n{{/and}}\n{{/and}}\n{{#and price.price_range.min.with_tax price.price_range.max.with_tax}}\n    <div class=\"price-section price-section--withTax\">\n        <span class=\"price-label\">{{theme_settings.pdp-price-label}}</span>\n        <span class=\"price-now-label\" style=\"display: none;\">{{theme_settings.pdp-sale-price-label}}</span>\n        <span data-product-price-with-tax class=\"price price--withTax price--main\">{{price.price_range.min.with_tax.formatted}} - {{price.price_range.max.with_tax.formatted}}</span>\n        {{#and price.price_range.min.without_tax price.price_range.max.without_tax}}\n            <abbr title=\"{{lang 'products.including_tax'}}\">{{lang 'products.price_with_tax' tax_label=price.price_range.min.tax_label}}</abbr>\n        {{/and}}\n    </div>\n    {{!-- Never display the \"non-sales price\" if there is a price range to be shown, but we do want the element on the page --}}\n    <div class=\"price-section price-section--withTax non-sale-price--withTax\" style=\"display: none;\">\n        <span class=\"price-was-label\">{{theme_settings.pdp-non-sale-price-label}}</span>\n        <span data-product-non-sale-price-with-tax class=\"price price--non-sale\">\n            {{price.non_sale_price_with_tax.formatted}}\n        </span>\n    </div>\n{{/and}}\n{{#and price.retail_price_range.min.without_tax price.retail_price_range.max.without_tax}}\n    <div class=\"price-section price-section--withoutTax rrp-price--withoutTax{{#if price.with_tax}} price-section--minor{{/if}}\">\n        <span class=\"price-was-label\">{{theme_settings.pdp-retail-price-label}}</span>\n        <span data-product-rrp-price-without-tax class=\"price price--rrp\">{{price.retail_price_range.min.without_tax.formatted}} - {{price.retail_price_range.max.without_tax.formatted}}</span>\n    </div>\n{{else}}\n    {{#if price.without_tax}}\n        <div class=\"price-section price-section--withoutTax rrp-price--withoutTax{{#if price.with_tax}} price-section--minor{{/if}}\" style=\"display: none;\">\n            <span class=\"price-was-label\">{{theme_settings.pdp-retail-price-label}}</span>\n            <span data-product-rrp-price-without-tax class=\"price price--rrp\">\n                {{price.rrp_without_tax.formatted}}\n            </span>\n        </div>\n    {{/if}}\n{{/and}}\n{{#and price.price_range.min.without_tax price.price_range.max.without_tax}}\n    <div class=\"price-section price-section--withoutTax{{#and price_range.min.with_tax price_range.max.with_tax}} price-section--minor{{/and}}\">\n        <span class=\"price-label\">{{theme_settings.pdp-price-label}}</span>\n        <span class=\"price-now-label\" style=\"display: none;\">{{theme_settings.pdp-sale-price-label}}</span>\n        <span data-product-price-without-tax class=\"price price--withoutTax price--main\">{{price.price_range.min.without_tax.formatted}} - {{price.price_range.max.without_tax.formatted}}</span>\n        {{#and price.price_range.min.with_tax price.price_range.max.with_tax}}\n            <abbr title=\"{{lang 'products.excluding_tax'}}\">{{lang 'products.price_without_tax' tax_label=price.price_range.min.tax_label}}</abbr>\n        {{/and}}\n    </div>\n    {{!-- Never display the \"non-sales price\" if there is a price range to be shown, but we do want the element on the page --}}\n    <div class=\"price-section price-section--withoutTax non-sale-price--withoutTax{{#if price.with_tax}} price-section--minor{{/if}}\" style=\"display: none;\">\n        <span class=\"price-was-label\">{{theme_settings.pdp-non-sale-price-label}}</span>\n        <span data-product-non-sale-price-without-tax class=\"price price--non-sale\">\n            {{price.non_sale_price_without_tax.formatted}}\n        </span>\n    </div>\n{{/and}}\n\n{{!-- Never display the \"saving price\" element by default if there is a price range on the page to be shown --}}\n{{#if page_type '===' 'product'}}\n     <div class=\"price-section price-section--saving price\" style=\"display: none;\">\n            <span class=\"price\">{{lang 'products.you_save_opening_text'}}</span>\n            <span data-product-price-saved class=\"price price--saving\">\n                {{price.saved.formatted}}\n            </span>\n            <span class=\"price\">{{lang 'products.you_save_closing_bracket'}}</span>\n     </div>\n{{/if}}\n","components/products/ratings":"{{#for 1 5}}\n    {{#if ../this.rating '>=' $index}}\n        <span class=\"icon icon--ratingFull\">\n            <svg>\n                <use href=\"#icon-star\" />\n            </svg>\n        </span>\n    {{else}}\n        <span class=\"icon icon--ratingEmpty\">\n            <svg>\n                <use href=\"#icon-star\" />\n            </svg>\n        </span>\n    {{/if}}\n{{/for}}\n{{{snippet 'product_rating'}}}\n","components/products/top":"{{#unless hide_heading}}\n<h2 class=\"page-heading\">{{lang 'products.top' }}</h2>\n{{/unless}}\n\n{{#if display_type '==' 'carousel'}}\n    {{> components/products/carousel products=products}}\n{{else if display_type '==' 'grid'}}\n    <ul class=\"productGrid productGrid--maxCol{{ columns }}\" data-product-type=\"top_sellers\" {{#if settings.data_tag_enabled}} data-list-name=\"Most Popular Products\" {{/if}}>\n        {{#each products}}\n            <li class=\"product\" data-product-id=\"{{id}}\">\n                {{>components/products/card \n                    show_compare=../show_compare \n                    show_rating=../settings.show_product_rating\n                    show_info=(if ../theme_settings.card_info '==' 'all')\n                    settings=../settings\n                    theme_settings=../theme_settings \n                    customer=../customer\n                    event=\"list\" position=(add @index 1)}}\n            </li>\n        {{/each}}\n    </ul>\n{{else}}\n    <ul class=\"productList productList--maxCol{{ columns }}\" data-product-type=\"top_sellers\" {{#if settings.data_tag_enabled}} data-list-name=\"Most Popular Products\" {{/if}}>\n        {{#each products}}\n            <li class=\"product\" data-product-id=\"{{id}}\">\n                {{>components/products/list-item \n                \tsummary=false\n                \tshow_compare=../show_compare \n                    show_rating=../settings.show_product_rating \n                    settings=../settings\n                    theme_settings=../theme_settings \n                    customer=../customer\n                    event=\"list\" position=(add @index 1)}}\n            </li>\n        {{/each}}\n    </ul>\t\n{{/if}}"}
