{"components/carousel":"{{inject 'hasMainCarousel' true}}\n<section class=\"heroCarousel-container{{#if theme_settings.carousel_banners}} heroCarousel-container--hasBanners{{/if}}\">\n    <div class=\"heroCarousel\"\n        data-slick='{\n            \"dots\": true,\n            \"mobileFirst\": true,\n            \"slidesToShow\": 1,\n            \"slidesToScroll\": 1,\n            \"autoplay\": true,\n            \"autoplaySpeed\": {{carousel.swap_frequency}},\n            \"lazyLoad\": \"anticipated\"\n        }'\n        {{#if theme_settings.carousel_video_autoplay}} data-youtube-autoplay{{/if}}\n        {{#if theme_settings.carousel_video_mute}} data-youtube-mute{{/if}}>\n        {{#each carousel.slides}}\n        <div class=\"heroCarousel-slide {{#if ../theme_settings.homepage_carousel_style '==' 'stretch'}}heroCarousel-slide--stretch{{/if}} heroCarousel-slide--{{@index}}{{#if @first}} heroCarousel-slide--first{{/if}}\">\n            <div class=\"heroCarousel-image-wrapper{{#and image_height image_width}} heroCarousel-image-wrapper--sized{{/and}}\">\n                <a href=\"{{url}}\">\n                    {{#if @index '==' 0}}\n                        {{#if (merge this video=../../theme_settings.carousel_vid0)}}{{/if}}\n                    {{/if}}\n                    {{#if @index '==' 1}}\n                        {{#if (merge this video=../../theme_settings.carousel_vid1)}}{{/if}}\n                    {{/if}}\n                    {{#if @index '==' 2}}\n                        {{#if (merge this video=../../theme_settings.carousel_vid2)}}{{/if}}\n                    {{/if}}\n                    {{#if @index '==' 3}}\n                        {{#if (merge this video=../../theme_settings.carousel_vid3)}}{{/if}}\n                    {{/if}}\n                    {{#if @index '==' 4}}\n                        {{#if (merge this video=../../theme_settings.carousel_vid4)}}{{/if}}\n                    {{/if}}\n\n                    \n\n                    {{#if video}}\n                        <div class=\"heroCarousel-video-wrapper\">\n                            <div class=\"heroCarousel-image-box\" style=\"{{#if image_width}}width:{{image_width}}px{{/if}}\">\n                                {{#and image_height image_width}}<div class=\"heroCarousel-image-box-padding\" style=\"padding-bottom:{{multiply (divide image_height image_width) 100}}%\">{{/and}}\n                                    {{> components/common/responsive-img\n                                        image=stencil_image\n                                        class=\"heroCarousel-image\"\n                                        fallback_size='1920w'\n                                        lazyload='disabled'\n                                    }}\n                                {{#and image_height image_width}}</div>{{/and}}\n                            </div>\n                            <div class=\"heroCarousel-video\"><div data-youtube=\"{{video}}\"></div></div>\n                        </div>\n                    {{else}}\n                        <div class=\"heroCarousel-image-box\" style=\"{{#if image_width}}width:{{image_width}}px{{/if}}\">\n                            {{#and image_height image_width}}<div class=\"heroCarousel-image-box-padding\" style=\"padding-bottom:{{multiply (divide image_height image_width) 100}}%\">{{/and}}\n                                {{#if @first}}\n                                    {{> components/common/responsive-img\n                                        image=stencil_image\n                                        class=\"heroCarousel-image\"\n                                        fallback_size='1920w'\n                                        lazyload='disabled'\n                                        otherAttributes=(concat (concat (concat (concat 'width=\"' image_width) '\" height=\"') image_height) '\"')\n                                    }}\n                                {{else}}\n                                    {{> components/common/responsive-img\n                                        image=stencil_image\n                                        class=\"heroCarousel-image\"\n                                        fallback_size='1920w'\n                                        lazyload='lazyload'\n                                        otherAttributes=(concat (concat (concat (concat 'width=\"' image_width) '\" height=\"') image_height) '\"')\n                                    }}\n                                {{/if}}\n                            {{#and image_height image_width}}</div>{{/and}}\n                        </div>\n                    {{/if}}\n                    \n                    {{#if heading}}\n                        {{> components/carousel-content show_background=true}}\n                    {{else}}\n                        {{#if text}}\n                            {{> components/carousel-content show_background=true}}\n                        {{else}}\n                            {{#if button_text}}\n                                {{> components/carousel-content show_background=false}}\n                            {{/if}}\n                        {{/if}}\n                    {{/if}}\n                </a>\n            </div>\n        </div>\n        {{/each}}\n    </div>\n    {{#if theme_settings.carousel_banners}}\n        <div class=\"heroCarousel-banners\">\n            {{> components/papa-supermarket/sections/section-bc-banner find=\"papathemesHeroCarouselBanner\"}}\n        </div>\n    {{/if}}\n</section>\n","components/carousel-content":"<div class=\"heroCarousel-content{{#unless show_background}} heroCarousel-content--empty{{/unless}}\">\n    <h2 class=\"heroCarousel-title\">{{{heading}}}</h2>\n    <p class=\"heroCarousel-description\">{{{text}}}</p>\n    {{#if button_text}}\n        <span class=\"heroCarousel-action button button--primary button--large\">{{{button_text}}}</span>\n    {{/if}}\n</div>\n","components/common/responsive-img":"{{!--\n    This file implements the lazysizes srcset pattern (as seen on\n    https://github.com/aFarkas/lazysizes#modern-transparent-srcset-pattern) for maximum performance on modern browsers\n    and reasonable compatibility with legacy browsers.\n    \n    There are a few important arguments to know about when using this component:\n    `lazyload`:\n        - If set to 'lazyload+lqip', will load a low-res image which will be replaced by lazysizes - ensuring that SOME\n        content is shown immediately on page load. Without LQIP, a transparent gif will be used instead, which reduces\n        the number of requests needed to load the page, making it even faster.\n        - If set to 'lazyload', the browser will not load the full-size image at first, instead the lazysizes plugin will\n            load it progressively after page load. This improves the load speed of the page, but it should be disabled for\n            high-priority above-the-fold images.\n        - If set to 'disabled', will not attempt to lazyload the image and instead tell the browser to load it immediately.\n            Use this for high-priority images that are above the fold.\n    \n    `fallback_size`:\n        This is the size to use for this image in legacy browsers that do not support srcset.\n        Can be defined as a pixel bounding-box size (e.g. \"123x123) or inherent width (e.g. \"123w\").\n    \n    `class`:\n        The CSS classes to add to the image, e.g. \"card-image\". If lazyloading is enabled, all images will have the\n        \"lazyload\" class so that lazysizes will target them automatically.\n    \n    `otherAttributes`:\n        Any other HTML attributes you want on the img tag, for example \"height='100' width='100'\"\n    \n    `default_image`:\n        The default image to use if `image` is undefined or falsy. Should be a theme asset, usually defined as a relative\n        path in the theme config. If a default image is not provided, you'll get an image tag with no image if the primary\n        image is undefined.\n    \n    `lqip_size`:\n        If you want to specify a particular size for the LQIP image, you can do so with this argument. A default of 80\n        pixels wide will be used otherwise. This argument has no effect if the lazyload mode is not \"lazyload+lqip\".\n    \n    --}}\n    <img {{#if image}}{{!-- Get the default image for legacy browsers that do not support srcset\n    --}}src=\"{{getImageSrcset image 1x=(default fallback_size '160w')}}\" alt=\"{{image.alt}}\" title=\"{{image.alt}}\" {{!--\n      Allow lazysizes to generate the 'sizes' attribute automatically --}}data-sizes=\"auto\"\n      {{#unless lazyload '==' 'disabled'}}\n        {{#if lazyload '==' 'lazyload+lqip'}}\n        {{!-- If we want a LQIP, include it as the default srcset (will be overwritten by lazysizes) --}}\n        srcset=\"{{getImageSrcset image 1x=(default lqip_size '80w')}}\"\n        {{else}}\n          {{!-- If we don't want a LQIP, use a 1px transparent gif for the stand-in image\n                This requires no additional network request, so it's fast --}}\n        srcset=\"data:image/gif;base64,R0lGODlhAQABAIAAAP///wAAACH5BAEAAAAALAAAAAABAAEAAAICRAEAOw==\"\n        {{/if}}\n    {{/unless}}\n    {{!-- If lazyloading is disabled, just use \"srcset\". If it is not disabled, use \"data-srcset\" so lazysizes will use\n          this after page load --}}\n    {{!--\n    Generate the srcset string using the default sizes defined in the helper. This will allow the browser to\n    pick the best-sized image based on its own understanding of how it will render the page.\n    --}}\n    {{#unless lazyload '==' 'disabled'}}data-{{/unless}}srcset=\"{{getImageSrcset image use_default_sizes=true }}\"\n    {{else if default_image}}src=\"{{cdn default_image}}\"{{/if}}\n    class=\"{{#unless lazyload '==' 'disabled'}}lazyload{{/unless}}{{#if class}} {{class}}{{/if}}\"\n    {{#if lazyload '==' 'lazyload'}}loading=\"lazy\"{{/if}}\n    {{otherAttributes}} />","components/papa-supermarket/sections/section-bc-banner":"{{!--\nArguments:\n    - find (string)\n--}}\n{{#if banners.top_metadata}}\n\t{{#each banners.top_metadata}}\n\t    {{#if (occurrences this.content ../find) '>' 0}}\n\t        {{{this.content}}}\n\t    {{/if}}\n\t{{/each}}\n{{/if}}"}
