{"components/category/grid-list":"<fieldset class=\"form-fieldset actionBar-section actionBar-section--mode\">\n    <div class=\"form-field\">\n        <label class=\"form-label\" for=\"mode\">{{lang 'common.sorter.columns'}}:</label>\n        <input class=\"form-radio\" type=\"radio\" name=\"mode\" value=\"1\" id=\"mode_1{{id_suffix}}\" {{#if theme_settings.product_list_display_mode '===' 'list'}} checked{{/if}}>\n        <label class=\"form-option\" for=\"mode_1{{id_suffix}}\"><span class=\"form-option-variant\" title=\"1\">1</span></label>\n        <input class=\"form-radio\" type=\"radio\" name=\"mode\" value=\"2\" id=\"mode_2{{id_suffix}}\" {{#if theme_settings.product_list_display_mode '===' 'grid2'}} checked{{/if}}>\n        <label class=\"form-option\" for=\"mode_2{{id_suffix}}\"><span class=\"form-option-variant\" title=\"2\">2</span></label>\n        <input class=\"form-radio\" type=\"radio\" name=\"mode\" value=\"3\" id=\"mode_3{{id_suffix}}\" {{#if theme_settings.product_list_display_mode '===' 'grid3'}} checked{{/if}}>\n        <label class=\"form-option\" for=\"mode_3{{id_suffix}}\"><span class=\"form-option-variant\" title=\"3\">3</span></label>\n        <input class=\"form-radio\" type=\"radio\" name=\"mode\" value=\"4\" id=\"mode_4{{id_suffix}}\" {{#if theme_settings.product_list_display_mode '===' 'grid'}} checked{{/if}}>\n        <label class=\"form-option\" for=\"mode_4{{id_suffix}}\"><span class=\"form-option-variant\" title=\"4\">4</span></label>\n        <input class=\"form-radio\" type=\"radio\" name=\"mode\" value=\"6\" id=\"mode_6{{id_suffix}}\" {{#if theme_settings.product_list_display_mode '===' 'grid6'}} checked{{/if}}>\n        <label class=\"form-option\" for=\"mode_6{{id_suffix}}\"><span class=\"form-option-variant\" title=\"6\">6</span></label>\n        {{#if theme_settings.show_bulk_order_mode}}\n        <input class=\"form-radio\" type=\"radio\" name=\"mode\" value=\"bo\" id=\"mode_bo{{id_suffix}}\" {{#if theme_settings.product_list_display_mode '===' 'listbo'}} checked{{/if}}>\n        <label class=\"form-option\" for=\"mode_bo{{id_suffix}}\"><span class=\"form-option-variant\" title=\"{{lang 'bulk_order.icon_title'}}\"><i class=\"fa fa-th-list\"></i></span></label>\n        {{/if}}\n\n        <!--\n        <input class=\"form-radio\" type=\"radio\" name=\"mode\" value=\"grid\" id=\"mode_grid{{id_suffix}}\" {{#if theme_settings.product_list_display_mode '===' 'grid'}} checked{{/if}}>\n        <label class=\"form-option\" for=\"mode_grid{{id_suffix}}\" aria-label=\"Grid\"><span class=\"form-option-variant\" title=\"Grid\"><i class=\"fa fa-th-large\" aria-hidden=\"true\"></i></span></label>\n        <input class=\"form-radio\" type=\"radio\" name=\"mode\" value=\"list\" id=\"mode_list{{id_suffix}}\" {{#if theme_settings.product_list_display_mode '===' 'list'}} checked{{/if}}>\n        <label class=\"form-option\" for=\"mode_list{{id_suffix}}\" aria-label=\"List\"><span class=\"form-option-variant\" title=\"List\"><i class=\"fa fa-th-list\" aria-hidden=\"true\"></i></span></label>\n        -->\n    </div>\n</fieldset>","components/category/products-per-page":"<fieldset class=\"form-fieldset actionBar-section actionBar-section--productsPerPage\">\n    <div class=\"form-field\">\n        <label class=\"form-label\" for=\"limit\">{{lang 'common.sorter.products_per_page'}}:</label>\n        <select class=\"form-select\" name=\"limit\" id=\"limit\">\n            <option value=\"8\" {{#if products_per_page '==' 8}}selected{{/if}}>8</option>\n            <option value=\"12\" {{#if products_per_page '==' 12}}selected{{/if}}>12</option>\n            <option value=\"16\" {{#if products_per_page '==' 16}}selected{{/if}}>16</option>\n            <option value=\"20\" {{#if products_per_page '==' 20}}selected{{/if}}>20</option>\n            <option value=\"40\" {{#if products_per_page '==' 40}}selected{{/if}}>40</option>\n            <option value=\"100\" {{#if products_per_page '==' 100}}selected{{/if}}>100</option>\n        </select>\n    </div>\n</fieldset>\n\n","components/category/sort-box":"<fieldset class=\"form-fieldset actionBar-section actionBar-section--sort\">\n    <div class=\"form-field\">\n        <label class=\"form-label\" for=\"sort\">{{lang 'common.sorter.sort_by'}}</label>\n        <select class=\"form-select\" name=\"sort\" id=\"sort\">\n            <option value=\"featured\" {{#if sort '==' 'featured'}}selected{{/if}}>{{lang 'common.sorter.featured'}}</option>\n            <option value=\"newest\" {{#if sort '==' 'newest'}}selected{{/if}}>{{lang 'common.sorter.newest'}}</option>\n            <option value=\"bestselling\" {{#if sort '==' 'bestselling'}}selected{{/if}}>{{lang 'common.sorter.top_sellers'}}</option>\n            <option value=\"alphaasc\" {{#if sort '==' 'alphaasc'}}selected{{/if}}>{{lang 'common.sorter.alpha_asc'}}</option>\n            <option value=\"alphadesc\" {{#if sort '==' 'alphadesc'}}selected{{/if}}>{{lang 'common.sorter.alpha_desc'}}</option>\n            <option value=\"avgcustomerreview\" {{#if sort '==' 'avgcustomerreview'}}selected{{/if}}>{{lang 'common.sorter.reviews'}}</option>\n            <option value=\"priceasc\" {{#if sort '==' 'priceasc'}}selected{{/if}}>{{lang 'common.sorter.price_asc'}}</option>\n            <option value=\"pricedesc\" {{#if sort '==' 'pricedesc'}}selected{{/if}}>{{lang 'common.sorter.price_desc'}}</option>\n            {{#if result_count}}\n                <option value=\"relevance\" {{#if sort '==' 'relevance'}}selected{{/if}}>{{lang 'common.sorter.relevance'}}</option>\n            {{/if}}\n        </select>\n    </div>\n</fieldset>\n\n","components/common/login-for-pricing":"<a class=\"price--login\" href=\"/login.php\" translate>{{lang 'common.login_for_pricing'}}</a>\n","components/common/paginator":"{{#or previous links next}}\n<div class=\"pagination\">\n    {{#if total}}\n    {{#if start}}\n    {{#if end}}\n        <div class=\"pagination-info\">\n            {{#if end '>' total}}\n                {{{lang 'common.paginator.items_of' start=start end=total total=total}}}\n            {{else}}\n                {{{lang 'common.paginator.items_of' start=start end=end total=total}}}\n            {{/if}}\n        </div>\n    {{/if}}\n     {{/if}}\n     {{/if}}\n    <ul class=\"pagination-list\">\n        {{#if previous}}\n            <li class=\"pagination-item pagination-item--previous\">\n                <a class=\"pagination-link\"\n                    href=\"{{previous}}\"\n                    {{#if instantload}}data-instantload{{/if}}\n                    {{#unless reload}}data-faceted-search-facet{{/unless}}\n                    {{#if this.number '==' ../current}}\n                        aria-current=\"page\"\n                        data-pagination-current-page-link\n                    {{/if}}\n                >\n                    <i class=\"icon\" aria-hidden=\"true\">\n                        <svg>\n                            <use href=\"#icon-chevron-left\"></use>\n                        </svg>\n                    </i>\n                    {{lang 'common.previous'}}\n                </a>\n            </li>\n        {{/if}}\n        {{#each links}}\n            {{#if this.number '==' ../current}}\n                <li class=\"pagination-item pagination-item--current\">\n                    <a class=\"pagination-link\" href=\"{{this.url}}\" {{#if ../../instantload}}data-instantload{{/if}} {{#unless ../../reload}}data-faceted-search-facet{{/unless}}>{{this.number}}</a>\n                </li>\n            {{else}}\n                <li class=\"pagination-item\">\n                    <a class=\"pagination-link\" href=\"{{this.url}}\" {{#if ../../instantload}}data-instantload{{/if}} {{#unless ../../reload}}data-faceted-search-facet{{/unless}}>{{this.number}}</a>\n                </li>\n            {{/if}}\n        {{/each}}\n\n        {{#if next}}\n            <li class=\"pagination-item pagination-item--next\">\n                <a class=\"pagination-link\" href=\"{{next}}\" {{#if instantload}}data-instantload{{/if}} {{#unless reload}}data-faceted-search-facet{{/unless}}>\n                    {{lang 'common.next'}}\n                    <i class=\"icon\" aria-hidden=\"true\">\n                        <svg>\n                            <use href=\"#icon-chevron-right\"></use>\n                        </svg>\n                    </i>\n                </a>\n            </li>\n        {{/if}}\n    </ul>\n</div>\n{{/or}}\n","components/common/responsive-img":"{{!--\n    This file implements the lazysizes srcset pattern (as seen on\n    https://github.com/aFarkas/lazysizes#modern-transparent-srcset-pattern) for maximum performance on modern browsers\n    and reasonable compatibility with legacy browsers.\n    \n    There are a few important arguments to know about when using this component:\n    `lazyload`:\n        - If set to 'lazyload+lqip', will load a low-res image which will be replaced by lazysizes - ensuring that SOME\n        content is shown immediately on page load. Without LQIP, a transparent gif will be used instead, which reduces\n        the number of requests needed to load the page, making it even faster.\n        - If set to 'lazyload', the browser will not load the full-size image at first, instead the lazysizes plugin will\n            load it progressively after page load. This improves the load speed of the page, but it should be disabled for\n            high-priority above-the-fold images.\n        - If set to 'disabled', will not attempt to lazyload the image and instead tell the browser to load it immediately.\n            Use this for high-priority images that are above the fold.\n    \n    `fallback_size`:\n        This is the size to use for this image in legacy browsers that do not support srcset.\n        Can be defined as a pixel bounding-box size (e.g. \"123x123) or inherent width (e.g. \"123w\").\n    \n    `class`:\n        The CSS classes to add to the image, e.g. \"card-image\". If lazyloading is enabled, all images will have the\n        \"lazyload\" class so that lazysizes will target them automatically.\n    \n    `otherAttributes`:\n        Any other HTML attributes you want on the img tag, for example \"height='100' width='100'\"\n    \n    `default_image`:\n        The default image to use if `image` is undefined or falsy. Should be a theme asset, usually defined as a relative\n        path in the theme config. If a default image is not provided, you'll get an image tag with no image if the primary\n        image is undefined.\n    \n    `lqip_size`:\n        If you want to specify a particular size for the LQIP image, you can do so with this argument. A default of 80\n        pixels wide will be used otherwise. This argument has no effect if the lazyload mode is not \"lazyload+lqip\".\n    \n    --}}\n    <img {{#if image}}{{!-- Get the default image for legacy browsers that do not support srcset\n    --}}src=\"{{getImageSrcset image 1x=(default fallback_size '160w')}}\" alt=\"{{image.alt}}\" title=\"{{image.alt}}\" {{!--\n      Allow lazysizes to generate the 'sizes' attribute automatically --}}data-sizes=\"auto\"\n      {{#unless lazyload '==' 'disabled'}}\n        {{#if lazyload '==' 'lazyload+lqip'}}\n        {{!-- If we want a LQIP, include it as the default srcset (will be overwritten by lazysizes) --}}\n        srcset=\"{{getImageSrcset image 1x=(default lqip_size '80w')}}\"\n        {{else}}\n          {{!-- If we don't want a LQIP, use a 1px transparent gif for the stand-in image\n                This requires no additional network request, so it's fast --}}\n        srcset=\"data:image/gif;base64,R0lGODlhAQABAIAAAP///wAAACH5BAEAAAAALAAAAAABAAEAAAICRAEAOw==\"\n        {{/if}}\n    {{/unless}}\n    {{!-- If lazyloading is disabled, just use \"srcset\". If it is not disabled, use \"data-srcset\" so lazysizes will use\n          this after page load --}}\n    {{!--\n    Generate the srcset string using the default sizes defined in the helper. This will allow the browser to\n    pick the best-sized image based on its own understanding of how it will render the page.\n    --}}\n    {{#unless lazyload '==' 'disabled'}}data-{{/unless}}srcset=\"{{getImageSrcset image use_default_sizes=true }}\"\n    {{else if default_image}}src=\"{{cdn default_image}}\"{{/if}}\n    class=\"{{#unless lazyload '==' 'disabled'}}lazyload{{/unless}}{{#if class}} {{class}}{{/if}}\"\n    {{#if lazyload '==' 'lazyload'}}loading=\"lazy\"{{/if}}\n    {{otherAttributes}} />","components/papa-supermarket/search-in-category/product-listing":"{{!#if product_results.products.length}}\n    {{> components/products/filter \n        sort=pagination.product_results.sort \n        pager=pagination.product_results\n        list=product_results\n        products_per_page=theme_settings.searchpage_products_per_page\n        id_suffix='_main'\n    }}\n{{!/if}}\n<div {{#if settings.data_tag_enabled}} data-list-name=\"Search Results\" {{/if}}>\n    {{#if settings.data_tag_enabled}}\n        {{> components/products/grid products=product_results.products show_compare=product_results.show_compare show_aside=true show_info=theme_settings.card_info theme_settings=theme_settings event=\"list\"}}\n    {{else}}\n        {{> components/products/grid products=product_results.products show_compare=product_results.show_compare show_aside=true show_info=theme_settings.card_info theme_settings=theme_settings}}\n    {{/if}}\n</div>\n\n{{> components/common/paginator pagination.product_results instantload=(unless product_results.faceted_search_enabled)}}\n","components/products/card":"<article class=\"card {{#if alternate}}card--alternate{{/if}}\"\n    {{#if settings.data_tag_enabled}}\n        data-event-type=\"{{event}}\"\n        data-entity-id=\"{{id}}\"\n        data-position=\"{{position}}\"\n        data-name=\"{{name}}\"\n        data-product-category=\"{{#each category}}{{#if @last}}{{this}}{{else}}{{this}}, {{/if}}{{/each}}\"\n        data-product-brand=\"{{brand.name}}\"\n        data-product-price=\"\n            {{#or customer (unless settings.hide_price_from_guests)}}\n                {{#if price.with_tax}}\n                    {{price.with_tax.value}}\n                {{else}}\n                    {{price.without_tax.value}}\n                {{/if}}\n            {{else}}\n                {{lang 'common.login_for_pricing'}}\n            {{/or}}\"\n        \"\n    {{/if}}\n>\n    <figure class=\"card-figure\">\n        {{#if theme_settings.product_outstock_badge}}\n            {{#or customer (unless settings.hide_price_from_guests)}}\n                {{#if out_of_stock_message }}\n                    <div class=\"sale-flag-side sale-flag-side--outstock\">\n                        <span class=\"sale-text\">{{out_of_stock_message}}</span>\n                    </div>\n                {{/if}}\n            {{/or}}\n        {{/if}}\n        {{#or price.non_sale_price_with_tax price.non_sale_price_without_tax}}\n            {{#if theme_settings.product_sale_badges '===' 'sash'}}\n                <div class=\"sale-flag-sash\">\n                    <span class=\"sale-text\">{{lang 'emthemesmodez.on_sale'}}</span>\n                </div>\n            {{else if theme_settings.product_sale_badges '===' 'topright'}}\n                <div class=\"sale-flag-side\">\n                    <span class=\"sale-text\">{{lang 'emthemesmodez.on_sale'}}</span>\n                </div>\n            {{else if theme_settings.product_sale_badges '===' 'burst'}}\n                <div class=\"starwrap\">\n                    <div class=\"sale-flag-star\"></div>\n                    <div class=\"sale-text-burst\">{{lang 'emthemesmodez.on_sale'}}</div>\n                </div>\n            {{/if}}\n        {{/or}}\n        {{#if theme_settings.product_custom_badges}}\n            {{#each custom_fields}}\n                {{#if name '===' '__badge'}}\n                    <div class=\"sale-flag-side sale-flag-side--custom\">\n                        <span class=\"sale-text\">{{{value}}}</span>\n                    </div>\n                {{/if}}\n            {{/each}}\n        {{/if}}\n        <a href=\"{{url}}\" {{#if settings.data_tag_enabled}} data-event-type=\"product-click\" {{/if}} data-instantload>\n            <div class=\"card-img-container\">\n                {{> components/common/responsive-img\n                    image=image\n                    class=\"card-image\"\n                    fallback_size=theme_settings.productgallery_size\n                    lazyload=theme_settings.lazyload_mode\n                    default_image=theme_settings.default_image_product\n                    otherAttributes=(getVar 'productCardImageSizeAttrs')\n                }}\n                {{#if theme_settings.card_showHoverImage}}\n                    {{#each (limit images 2)}}\n                        {{#if @index '>' 0}}\n                            {{> components/common/responsive-img\n                                image=this\n                                class=\"card-image\"\n                                fallback_size=../../theme_settings.productgallery_size\n                                lazyload=../../theme_settings.lazyload_mode\n                                default_image=../../theme_settings.default_image_product\n                                otherAttributes=(getVar 'productCardImageSizeAttrs')\n                            }}\n                        {{/if}}\n                    {{/each}}\n                {{/if}}\n            </div>\n        </a>\n        <figcaption class=\"card-figcaption\">\n            <div class=\"card-figcaption-body\">\n                <div class=\"card-buttons\">\n                    {{#if show_cart_action}}\n                        {{#if has_options}}\n                            <a href=\"{{url}}\" data-event-type=\"product-click\" class=\"button button--small button--primary card-figcaption-button{{#unless hide_product_quick_view}}{{#if theme_settings.show_product_quick_view}}{{#if theme_settings.ajax_add_to_cart}} quickview-alt{{/if}}{{/if}}{{/unless}}\" data-product-id=\"{{id}}\">{{lang 'products.choose_options'}}</a>\n                        {{/if}}\n                        {{#if pre_order}}\n                            <a href=\"{{url}}\" data-event-type=\"product-click\" class=\"button button--small button--primary card-figcaption-button\">{{lang 'products.pre_order'}}</a>\n                        {{/if}}\n                        {{#if add_to_cart_url }}\n                            <a href=\"{{add_to_cart_url}}\"{{#unless theme_settings.ajax_add_to_cart}} data-event-type=\"product-click\"{{/unless}} class=\"button button--small button--primary card-figcaption-button\"{{#if theme_settings.ajax_add_to_cart}} data-emthemesmodez-cart-item-add{{/if}}>{{lang 'products.add_to_cart'}}</a>\n                        {{/if}}\n                        {{#unless theme_settings.product_outstock_badge}}\n                            {{#if out_of_stock_message }}\n                                <a href=\"{{url}}\" data-event-type=\"product-click\" class=\"button button--small card-figcaption-button\" data-product-id=\"{{id}}\">{{out_of_stock_message}}</a>\n                            {{/if}}\n                        {{/unless}}\n                    {{/if}}\n\n                    {{#if show_compare}}\n                        <button type=\"button\" class=\"button button--small card-figcaption-button card-figcaption-button--compare\" \n                            data-compare-id=\"{{id}}\"\n                            data-compare-image=\"{{getImage image 'productthumb_size' (cdn theme_settings.default_image_product)}}\"\n                            data-compare-title=\"{{name}}\"\n                        >{{lang 'products.compare'}}</button>\n                    {{/if}}\n                </div>\n\n                <div class=\"card-buttons card-buttons--alt\">\n                    {{#unless hide_product_quick_view}}\n                        {{#if theme_settings.show_product_quick_view}}\n                            <a class=\"button button--small card-figcaption-button quickview\" {{#if settings.data_tag_enabled}} data-event-type=\"product-click\" {{/if}} data-product-id=\"{{id}}\">{{lang 'products.quick_view'}}</a>\n                        {{/if}}\n                    {{/unless}}\n                </div>\n            </div>\n        </figcaption>\n    </figure>\n    <div class=\"card-body\">\n        <h4 class=\"card-title\">\n            <a href=\"{{url}}\" data-instantload {{#if settings.data_tag_enabled}} data-event-type=\"product-click\" {{/if}}>{{name}}</a>\n        </h4>\n\n        {{#if brand.name}}\n            <p class=\"card-text card-text--brand\" data-test-info-type=\"brandName\">{{brand.name}}</p>\n        {{/if}}\n\n        {{#and rating show_rating}}\n            <p class=\"card-text card-text--rating\" data-test-info-type=\"productRating\">\n                <span class=\"rating--small\">\n                    {{> components/products/ratings rating=rating}}\n                </span>\n            </p>\n        {{/and}}\n\n        <div class=\"card-text card-text--price\" data-test-info-type=\"price\">\n            {{#or customer (unless settings.hide_price_from_guests)}}\n                {{> components/products/price price=price customer=customer}}\n            {{else}}\n                {{> components/common/login-for-pricing}}\n            {{/or}}\n        </div>\n\n        <div class=\"card-text card-text--summary\" data-test-info-type=\"summary\">\n            {{#if summary}}\n                {{{summary}}}\n            {{/if}}\n        </div>\n\n        {{#if theme_settings.show_sku}}\n        {{#if sku}}\n        <div class=\"card-text card-text--sku\" data-test-info-type=\"sku\">\n            {{{sku}}}\n        </div>\n        {{/if}}\n        {{/if}}\n\n        {{#if show_info}}\n        {{#if show_info '!==' 'hide'}}\n            <dl class=\"card-info\">\n                {{#if sku}}\n                    <dt class=\"card-info-name card-info-name--sku\">{{lang 'products.sku'}}</dt>\n                    <dd class=\"card-info-value card-info-value--sku\">{{sku}}</dd>\n                {{/if}}\n                {{#if upc}}\n                    <dt class=\"card-info-name card-info-name--upc\">{{lang 'products.upc'}}</dt>\n                    <dd class=\"card-info-value card-info-value--upc\">{{upc}}</dd>\n                {{/if}}\n                {{#if condition}}\n                    <dt class=\"card-info-name card-info-name--condition\">{{lang 'products.condition'}}</dt>\n                    <dd class=\"card-info-value card-info-value--condition\">{{condition}}</dd>\n                {{/if}}\n                {{#if availability}}\n                    <dt class=\"card-info-name card-info-name--availability\">{{lang 'products.availability'}}</dt>\n                    <dd class=\"card-info-value card-info-value--availability\">{{availability}}</dd>\n                {{/if}}\n                {{#all weight theme_settings.show_product_weight}}\n                    <dt class=\"card-info-name card-info-name--weight\">{{lang 'products.weight'}}</dt>\n                    <dd class=\"card-info-value card-info-value--weight\">{{weight.formatted}}</dd>\n                {{/all}}\n                {{#all width height depth theme_settings.show_product_dimensions}}\n                    <dt class=\"card-info-name card-info-name--height\">{{lang 'products.width'}}</dt>\n                    <dd class=\"card-info-value card-info-value--height\">\n                        {{width}}\n                        {{#if settings.measurements.length '==' 'Centimeters'}}\n                        ({{lang 'products.measurement.metric'}})\n                        {{else}}\n                        ({{lang 'products.measurement.imperial'}})\n                        {{/if}}\n                    </dd>\n                    <dt class=\"card-info-name card-info-name--height\">{{lang 'products.height'}}</dt>\n                    <dd class=\"card-info-value card-info-value--height\">\n                        {{height}}\n                        {{#if settings.measurements.length '==' 'Centimeters'}}\n                        ({{lang 'products.measurement.metric'}})\n                        {{else}}\n                        ({{lang 'products.measurement.imperial'}})\n                        {{/if}}\n                    </dd>\n                    <dt class=\"card-info-name card-info-name--depth\">{{lang 'products.depth'}}</dt>\n                    <dd class=\"card-info-value card-info-value--depth\">\n                        {{depth}}\n                        {{#if settings.measurements.length '==' 'Centimeters'}}\n                        ({{lang 'products.measurement.metric'}})\n                        {{else}}\n                        ({{lang 'products.measurement.imperial'}})\n                        {{/if}}\n                    </dd>\n                {{/all}}\n                {{#if min_purchase_quantity}}\n                    <dt class=\"card-info-name card-info-name--minQty\">{{lang 'products.min_purchase_quantity'}}</dt>\n                    <dd class=\"card-info-value card-info-value--minQty\">{{lang 'products.purchase_units' quantity=min_purchase_quantity}}</dd>\n                {{/if}}\n                {{#if max_purchase_quantity}}\n                    <dt class=\"card-info-name card-info-name--maxQty\">{{lang 'products.max_purchase_quantity'}}</dt>\n                    <dd class=\"card-info-value card-info-value--maxQty\">{{lang 'products.purchase_units' quantity=max_purchase_quantity}}</dd>\n                {{/if}}\n                {{#if gift_wrapping_available}}\n                    <dt class=\"card-info-name card-info-name--giftWrap\">{{lang 'products.gift_wrapping'}}</dt>\n                    <dd class=\"card-info-value card-info-value--giftWrap\">{{lang 'products.gift_wrapping_available'}}</dd>\n                {{/if}}\n                {{#if shipping}}\n                    {{#if shipping.calculated}}\n                        <dt class=\"card-info-name card-info-name--shippingCalc\">{{lang 'products.shipping'}}</dt>\n                        <dd class=\"card-info-value card-info-value--shippingCalc\">{{lang 'products.shipping_calculated'}}</dd>\n                    {{else}}\n                        {{#if shipping.price.value '===' 0}}\n                            <dt class=\"card-info-name card-info-name--shippingFree\">{{lang 'products.shipping'}}</dt>\n                            <dd class=\"card-info-value card-info-value--shippingFree\">{{lang 'products.shipping_free'}}</dd>\n                        {{else}}\n                            <dt class=\"card-info-name card-info-name--shippingFixed\">{{lang 'products.shipping'}}</dt>\n                            <dd class=\"card-info-value card-info-value--shippingFixed\">{{lang 'products.shipping_fixed' amount=shipping.price.formatted}}</dd>\n                        {{/if}}\n                    {{/if}}\n                {{/if}}\n\n                {{#if theme_settings.productpage_custom_fields_hide_special}}\n                    {{#each custom_fields}}\n                        {{#startsWith '__' name}}\n                        {{else}}\n                            <dt class=\"card-info-name card-info-name--cf{{pascalcase name}}\">{{name}}:</dt>\n                            <dd class=\"card-info-value card-info-value--cf{{pascalcase name}}\">{{{value}}}</dd>\n                        {{/startsWith}}\n                    {{/each}}\n                {{else}}\n                    {{#each custom_fields}}\n                        <dt class=\"card-info-name card-info-name--cf{{pascalcase name}}\">{{name}}:</dt>\n                        <dd class=\"card-info-value card-info-value--cf{{pascalcase name}}\">{{{value}}}</dd>\n                    {{/each}}\n                {{/if}}\n            </dl>\n        {{/if}}\n        {{/if}}\n    </div>\n\n    {{#if show_aside}}\n    <div class=\"card-aside\">\n        <div class=\"card-text card-text--price\" data-test-info-type=\"price\">\n            {{#or customer (unless settings.hide_price_from_guests)}}\n                {{> components/products/price price=price customer=customer}}\n            {{else}}\n                {{> components/common/login-for-pricing}}\n            {{/or}}\n        </div>\n        <div class=\"card-buttons\">\n            {{#if show_cart_action}}\n                {{#if has_options}}\n                    <a href=\"{{url}}\" data-event-type=\"product-click\" class=\"button button--small button--primary card-figcaption-button{{#unless hide_product_quick_view}}{{#if theme_settings.show_product_quick_view}}{{#if theme_settings.ajax_add_to_cart}} quickview-alt{{/if}}{{/if}}{{/unless}}\" data-product-id=\"{{id}}\">{{lang 'products.choose_options'}}</a>\n                {{/if}}\n                {{#if pre_order}}\n                    <a href=\"{{url}}\" data-event-type=\"product-click\" class=\"button button--small button--primary card-figcaption-button\">{{lang 'products.pre_order'}}</a>\n                {{/if}}\n                {{#if add_to_cart_url }}\n                    <a href=\"{{add_to_cart_url}}\" {{#unless theme_settings.ajax_add_to_cart}} data-event-type=\"product-click\"{{/unless}} class=\"button button--small button--primary card-figcaption-button\"{{#if theme_settings.ajax_add_to_cart}} data-emthemesmodez-cart-item-add{{/if}}>{{lang 'products.add_to_cart'}}</a>\n                {{/if}}\n                {{#if out_of_stock_message }}\n                    <a href=\"{{url}}\" data-event-type=\"product-click\" class=\"button button--small card-figcaption-button\" data-product-id=\"{{id}}\">{{out_of_stock_message}}</a>\n                {{/if}}\n            {{/if}}\n\n            {{#if show_compare}}\n                <button type=\"button\" class=\"button button--small card-figcaption-button card-figcaption-button--compare\" \n                    data-compare-id=\"{{id}}\"\n                    data-compare-image=\"{{getImage image 'productthumb_size' (cdn theme_settings.default_image_product)}}\"\n                    data-compare-title=\"{{name}}\"\n                >{{lang 'products.compare'}}</button>\n            {{/if}}\n\n            {{#unless hide_product_quick_view}}\n                {{#if theme_settings.show_product_quick_view}}\n                    <a class=\"button button--small card-figcaption-button quickview\" data-product-id=\"{{id}}\">{{lang 'products.quick_view'}}</a>\n                {{/if}}\n            {{/unless}}\n        </div>\n    </div>\n    {{/if}}\n\n    {{#if show_bulk_order}}\n    <div class=\"card-bulkOrder\">\n        <div class=\"card-bulkOrder-fieldRow card-bulkOrder-qtyInCart\">\n            <span class=\"card-bulkOrder-label\">{{lang 'bulk_order.qty_in_cart'}}: </span>\n            <span class=\"card-bulkOrder-value\" data-bulkorder-cart-qty-id=\"{{id}}\">0</span>\n        </div>\n        <div class=\"card-bulkOrder-fieldRow card-bulkOrder-qty\">\n            {{#or add_to_cart_url pre_order_add_to_cart_url}}\n                <div class=\"card-bulkOrder-label\">{{lang 'bulk_order.qty'}}: </div>\n                <div class=\"card-bulkOrder-value\">\n                    <div class=\"form-increment\" data-quantity-change>\n                        <button class=\"button button--icon\" data-action=\"dec\" type=\"button\">\n                            <span class=\"is-srOnly\">{{lang 'products.quantity_decrease' name=name}}</span>\n                            <i class=\"icon\" aria-hidden=\"true\">\n                                <svg>\n                                    <use href=\"#icon-keyboard-arrow-down\"/>\n                                </svg>\n                            </i>\n                        </button>\n                        <input class=\"form-input form-input--incrementTotal\"\n                            data-bulkorder-qty-id=\"{{id}}\"\n                            name=\"qty_{{id}}\"\n                            type=\"tel\"\n                            value=\"0\"\n                            data-quantity-min=\"{{min_purchase_quantity}}\"\n                            data-quantity-max=\"{{max_purchase_quantity}}\"\n                            min=\"0\"\n                            pattern=\"[0-9]*\"\n                            aria-live=\"polite\">\n                        <button class=\"button button--icon\" data-action=\"inc\" type=\"button\">\n                            <span class=\"is-srOnly\">{{lang 'products.quantity_increase' name=name}}</span>\n                            <i class=\"icon\" aria-hidden=\"true\">\n                                <svg>\n                                    <use href=\"#icon-keyboard-arrow-up\"/>\n                                </svg>\n                            </i>\n                        </button>\n                    </div>\n                </div>\n            {{/or}}\n        </div>\n        <div class=\"card-bulkOrder-fieldRow card-bulkOrder-price\">\n            <div class=\"card-bulkOrder-label\">{{lang 'bulk_order.price'}}: </div>\n            <div class=\"card-bulkOrder-value\">\n                <div class=\"card-text card-text--price\" data-test-info-type=\"price\">\n                    {{#or customer (unless settings.hide_price_from_guests)}}\n                        {{#or price.with_tax price.without_tax}}\n                            <span\n                                data-bulkorder-price-id=\"{{id}}\" \n                                data-bulkorder-price-value=\"{{#if price.with_tax}}{{price.with_tax.value}}{{else}}{{price.without_tax.value}}{{/if}}\"\n                                data-bulkorder-price-formatted=\"{{#if price.with_tax}}{{price.with_tax.formatted}}{{else}}{{price.without_tax.formatted}}{{/if}}\"\n                            ></span>\n                        {{/or}}\n                        {{> components/products/price price=price customer=customer}}\n                    {{else}}\n                        {{> components/common/login-for-pricing}}\n                    {{/or}}\n                </div>\n            </div>\n        </div>\n        <div class=\"card-bulkOrder-fieldRow card-bulkOrder-subtotal\">\n                <div class=\"card-bulkOrder-label\">{{lang 'bulk_order.subtotal'}}: </div>\n                <div class=\"card-bulkOrder-value\">\n                    <div class=\"card-text card-text--price\">\n                        <span class=\"price price--main\" data-bulkorder-subtotal-id=\"{{id}}\"></span>\n                    </div>\n                </div>\n        </div>\n        <div class=\"card-bulkOrder-action\">\n            {{#if show_cart_action}}\n                {{#if has_options}}\n                    {{#all (unless hide_product_quick_view) theme_settings.show_product_quick_view theme_settings.ajax_add_to_cart}}\n                        <a href=\"{{url}}\" class=\"button button--small button--primary card-figcaption-button quickview-alt\" data-product-id=\"{{id}}\">{{lang 'products.choose_options'}}</a>\n                    {{else}}\n                        <a href=\"{{url}}\" data-event-type=\"product-click\" class=\"button button--small button--primary card-figcaption-button\" data-product-id=\"{{id}}\">{{lang 'products.choose_options'}}</a>\n                    {{/all}}\n                {{/if}}\n                {{#if pre_order}}\n                    {{#if pre_order_add_to_cart_url}}\n                        <a href=\"{{pre_order_add_to_cart_url}}\" {{#unless theme_settings.ajax_add_to_cart}} data-event-type=\"product-click\"{{/unless}} class=\"button button--small button--primary card-figcaption-button\"{{#if theme_settings.ajax_add_to_cart}} data-emthemesmodez-cart-item-add{{/if}} data-check-qty>{{lang 'products.pre_order'}}</a>\n                    {{else}}\n                        <a href=\"{{url}}\" data-event-type=\"product-click\" class=\"button button--small button--primary card-figcaption-button\">{{lang 'products.pre_order'}}</a>\n                    {{/if}}\n                {{/if}}\n                {{#if add_to_cart_url }}\n                    <a href=\"{{add_to_cart_url}}\" {{#unless theme_settings.ajax_add_to_cart}} data-event-type=\"product-click\"{{/unless}} class=\"button button--small button--primary card-figcaption-button\"{{#if theme_settings.ajax_add_to_cart}} data-emthemesmodez-cart-item-add{{/if}} data-check-qty>{{lang 'products.add_to_cart'}}</a>\n                {{/if}}\n                {{#if out_of_stock_message }}\n                    <a href=\"{{url}}\" data-event-type=\"product-click\" class=\"button button--small card-figcaption-button\" data-product-id=\"{{id}}\">{{out_of_stock_message}}</a>\n                {{/if}}\n            {{/if}}\n        </div>\n    </div>\n    {{/if}}\n</article>\n","components/products/filter":"<div class=\"emthemesModez-productsFilter {{#or category.faceted_search_enabled brand.faceted_search_enabled product_results.faceted_search_enabled}}emthemesModez-productsFilter--faceted{{/or}}\">\n    <a href=\"#emthemesModez-productsFilter-form\" role=\"button\" class=\"button emthemesModez-productsFilter-toggle\" aria-label=\"Options\" data-collapsible><i class=\"fa fa-cog\" aria-hidden=\"true\"></i></a>\n    <form class=\"actionBar\" id=\"emthemesModez-productsFilter-form\" method=\"get\" data-sort-by>\n        {{> components/category/sort-box sort=sort}}\n        {{> components/category/products-per-page products_per_page=products_per_page}}\n        {{> components/category/grid-list}}\n    </form>\n</div>","components/products/grid":"{{#or is_ajax theme_settings.show_bulk_order_mode show_bulk_order_mode}}\n<div class=\"productGrid-bulkOrderHeader-wrapper\">\n    <ul class=\"productGrid-bulkOrderHeader\">\n        <li class=\"productGrid-bulkOrderHeader-thumb\"></li>\n        <li class=\"productGrid-bulkOrderHeader-name\">{{lang 'bulk_order.product'}}</li>\n        <li class=\"productGrid-bulkOrderHeader-qtyInCart\">{{lang 'bulk_order.qty_in_cart'}}</li>\n        <li class=\"productGrid-bulkOrderHeader-qty\">{{lang 'bulk_order.qty'}}</li>\n        <li class=\"productGrid-bulkOrderHeader-price\">{{lang 'bulk_order.price'}}</li>\n        <li class=\"productGrid-bulkOrderHeader-subtotal\">{{lang 'bulk_order.subtotal'}}</li>\n        <li class=\"productGrid-bulkOrderHeader-action\"></li>\n    </ul>\n</div>\n{{/or}}\n<ul class=\"productGrid\">\n    {{#each products}}\n    <li class=\"product\">\n        {{#or ../is_ajax ../show_bulk_order_mode}}\n            {{> components/products/card \n                settings=../../settings \n                show_compare=../../show_compare \n                show_rating=../../settings.show_product_rating \n                theme_settings=../../theme_settings \n                customer=../../customer \n                show_aside=../../show_aside\n                show_info=../../show_info\n                show_bulk_order=true\n                event=../../event \n                position=(add @index 1)}}\n        {{else}}\n            {{> components/products/card \n                settings=../../settings \n                show_compare=../../show_compare \n                show_rating=../../settings.show_product_rating \n                theme_settings=../../theme_settings \n                customer=../../customer \n                show_aside=../../show_aside\n                show_info=../../show_info\n                show_bulk_order=../../theme_settings.show_bulk_order_mode\n                event=../../event \n                position=(add @index 1)}}\n        {{/or}}\n    </li>\n    {{/each}}\n</ul>\n{{#or is_ajax theme_settings.show_bulk_order_mode show_bulk_order_mode}}\n<div class=\"productGrid-bulkOrderFooter-wrapper\">\n    <ul class=\"productGrid-bulkOrderFooter\">\n        <li class=\"productGrid-bulkOrderFooter-total\"><div class=\"productGrid-bulkOrderFooter-total-inner\"><span class=\"label\">{{lang 'bulk_order.total'}}</span> <span data-bulkorder-total-count></span> {{lang 'bulk_order.items'}} / <span class=\"price price--main\" data-bulkorder-total-amount></span></div></li>\n        <li class=\"productGrid-bulkOrderFooter-addAll\"><button class=\"button button--primary\" data-bulkorder-add-all>{{lang 'bulk_order.add_all'}}</button></li>\n    </ul>\n</div>\n\n<div class=\"bulkOrder-progressModal\">\n    <h3 class=\"bulkOrder-progressModal-heading\">{{lang 'bulk_order.progress_heading'}}</h3>\n    <div class=\"progressBar animate\">\n        <span style=\"width: 0\" class=\"bulkOrder-progressModal-current\"><span></span></span>\n    </div>\n\n    <div class=\"bulkOrder-progressModal-actions\">\n        <a href=\"{{urls.cart}}\" class=\"button\">{{lang 'bulk_order.view_cart'}}</a>\n        <a href=\"#\" class=\"button button--primary\" data-close>{{lang 'bulk_order.countinue_shopping'}}</a>\n    </div>\n</div>\n<div class=\"bulkOrder-progressModal-overlay\"></div>\n{{/or}}","components/products/price":"{{! Supermarket: \n    Add class: price-was-label, price--main\n}}\n{{!-- There are 2 code paths for generating the PDP pricing HTML determined by the following #and condition. \n    If a 'price_range' exists then we generate all HTML in price-range.html, otherwise it is defined here. Both code\n    paths generate the same HTML structure with some differences in whether that element is displayed by default (css styling).\n    \n    If you are making a change here or in price-range.html, you probably want to make that change in both files. --}}\n    \n    {{#and price.price_range (if theme_settings.price_ranges '==' true)}}\n        {{> components/products/price-range price=price}}\n    {{else}}\n        {{#if price.with_tax}}\n            <div class=\"price-section price-section--withTax rrp-price--withTax\" {{#unless price.rrp_with_tax}}style=\"display: none;\"{{/unless}}>\n                <span class=\"price-was-label\">{{theme_settings.pdp-retail-price-label}}</span>\n                <span data-product-rrp-with-tax class=\"price price--rrp\">\n                    {{price.rrp_with_tax.formatted}}\n                </span>\n            </div>\n            <div class=\"price-section price-section--withTax\">\n                <span class=\"price-label\" {{#if price.non_sale_price_with_tax}}style=\"display: none;\"{{/if}}>\n                    {{theme_settings.pdp-price-label}}\n                </span>\n                <span class=\"price-now-label\" {{#unless price.non_sale_price_with_tax}}style=\"display: none;\"{{/unless}}>\n                    {{theme_settings.pdp-sale-price-label}}\n                </span>\n                <span data-product-price-with-tax class=\"price price--withTax price--main\">{{price.with_tax.formatted}}</span>\n                {{#if price.without_tax}}\n                    <abbr title=\"{{lang 'products.including_tax'}}\">{{lang 'products.price_with_tax' tax_label=price.tax_label}}</abbr>\n                {{/if}}\n            </div>\n            <div class=\"price-section price-section--withTax non-sale-price--withTax\" {{#unless price.non_sale_price_with_tax}}style=\"display: none;\"{{/unless}}>\n                <span class=\"price-was-label\">{{theme_settings.pdp-non-sale-price-label}}</span>\n                <span data-product-non-sale-price-with-tax class=\"price price--non-sale\">\n                    {{price.non_sale_price_with_tax.formatted}}\n                </span>\n            </div>\n        {{/if}}\n        {{#if price.without_tax}}\n            <div class=\"price-section price-section--withoutTax rrp-price--withoutTax{{#if price.with_tax}} price-section--minor{{/if}}\" {{#unless price.rrp_without_tax}}style=\"display: none;\"{{/unless}}>\n                <span class=\"price-was-label\">{{theme_settings.pdp-retail-price-label}}</span>\n                <span data-product-rrp-price-without-tax class=\"price price--rrp\"> \n                    {{price.rrp_without_tax.formatted}}\n                </span>\n            </div>\n            <div class=\"price-section price-section--withoutTax\">\n                <span class=\"price-label\" {{#if price.non_sale_price_without_tax}}style=\"display: none;\"{{/if}}>\n                    {{theme_settings.pdp-price-label}}\n                </span>\n                <span class=\"price-now-label\" {{#unless price.non_sale_price_without_tax}}style=\"display: none;\"{{/unless}}>\n                    {{theme_settings.pdp-sale-price-label}}\n                </span>\n                <span data-product-price-without-tax class=\"price price--withoutTax{{#if price.with_tax}} price-section--minor{{/if}} price--main\">{{price.without_tax.formatted}}</span>\n                {{#if price.with_tax}}\n                    <abbr title=\"{{lang 'products.excluding_tax'}}\">{{lang 'products.price_without_tax' tax_label=price.tax_label}}</abbr>\n                {{/if}}\n            </div>\n            <div class=\"price-section price-section--withoutTax non-sale-price--withoutTax{{#if price.with_tax}} price-section--minor{{/if}}\" {{#unless price.non_sale_price_without_tax}}style=\"display: none;\"{{/unless}}>\n                <span class=\"price-was-label\">{{theme_settings.pdp-non-sale-price-label}}</span>\n                <span data-product-non-sale-price-without-tax class=\"price price--non-sale\">\n                    {{price.non_sale_price_without_tax.formatted}}\n                </span>\n            </div>\n        {{/if}}\n        {{#if page_type '===' 'product'}}\n             <div class=\"price-section price-section--saving\" {{#unless price.saved}}style=\"display: none;\"{{/unless}}>\n                    <span class=\"price\">{{lang 'products.you_save_opening_text'}}</span>\n                    <span data-product-price-saved class=\"price price--saving\">\n                        {{price.saved.formatted}}\n                    </span>\n                    <span class=\"price\">{{lang 'products.you_save_closing_bracket'}}</span>\n             </div>\n        {{/if}}\n    {{/and}}\n    ","components/products/price-range":"{{#and price.price_range.min.with_tax price.price_range.max.with_tax}}{{! Added by Papathemes to fix display tax/non-tax retail price when select product option }}\n{{#and price.retail_price_range.min.with_tax price.retail_price_range.max.with_tax}}\n    <div class=\"price-section price-section--withTax rrp-price--withTax\">\n        <span class=\"price-was-label\">{{theme_settings.pdp-retail-price-label}}</span>\n        <span data-product-rrp-price-with-tax class=\"price price--rrp\">{{price.retail_price_range.min.with_tax.formatted}} - {{price.retail_price_range.max.with_tax.formatted}}</span>\n    </div>\n{{else}}\n    {{#if price.with_tax}}\n        <div class=\"price-section price-section--withTax rrp-price--withTax\" style=\"display: none;\">\n            <span class=\"price-was-label\">{{theme_settings.pdp-retail-price-label}}</span>\n            <span data-product-rrp-with-tax class=\"price price--rrp\">\n                {{price.rrp_with_tax.formatted}}\n            </span>\n        </div>\n    {{/if}}\n{{/and}}\n{{/and}}\n{{#and price.price_range.min.with_tax price.price_range.max.with_tax}}\n    <div class=\"price-section price-section--withTax\">\n        <span class=\"price-label\">{{theme_settings.pdp-price-label}}</span>\n        <span class=\"price-now-label\" style=\"display: none;\">{{theme_settings.pdp-sale-price-label}}</span>\n        <span data-product-price-with-tax class=\"price price--withTax price--main\">{{price.price_range.min.with_tax.formatted}} - {{price.price_range.max.with_tax.formatted}}</span>\n        {{#and price.price_range.min.without_tax price.price_range.max.without_tax}}\n            <abbr title=\"{{lang 'products.including_tax'}}\">{{lang 'products.price_with_tax' tax_label=price.price_range.min.tax_label}}</abbr>\n        {{/and}}\n    </div>\n    {{!-- Never display the \"non-sales price\" if there is a price range to be shown, but we do want the element on the page --}}\n    <div class=\"price-section price-section--withTax non-sale-price--withTax\" style=\"display: none;\">\n        <span class=\"price-was-label\">{{theme_settings.pdp-non-sale-price-label}}</span>\n        <span data-product-non-sale-price-with-tax class=\"price price--non-sale\">\n            {{price.non_sale_price_with_tax.formatted}}\n        </span>\n    </div>\n{{/and}}\n{{#and price.retail_price_range.min.without_tax price.retail_price_range.max.without_tax}}\n    <div class=\"price-section price-section--withoutTax rrp-price--withoutTax{{#if price.with_tax}} price-section--minor{{/if}}\">\n        <span class=\"price-was-label\">{{theme_settings.pdp-retail-price-label}}</span>\n        <span data-product-rrp-price-without-tax class=\"price price--rrp\">{{price.retail_price_range.min.without_tax.formatted}} - {{price.retail_price_range.max.without_tax.formatted}}</span>\n    </div>\n{{else}}\n    {{#if price.without_tax}}\n        <div class=\"price-section price-section--withoutTax rrp-price--withoutTax{{#if price.with_tax}} price-section--minor{{/if}}\" style=\"display: none;\">\n            <span class=\"price-was-label\">{{theme_settings.pdp-retail-price-label}}</span>\n            <span data-product-rrp-price-without-tax class=\"price price--rrp\">\n                {{price.rrp_without_tax.formatted}}\n            </span>\n        </div>\n    {{/if}}\n{{/and}}\n{{#and price.price_range.min.without_tax price.price_range.max.without_tax}}\n    <div class=\"price-section price-section--withoutTax{{#and price_range.min.with_tax price_range.max.with_tax}} price-section--minor{{/and}}\">\n        <span class=\"price-label\">{{theme_settings.pdp-price-label}}</span>\n        <span class=\"price-now-label\" style=\"display: none;\">{{theme_settings.pdp-sale-price-label}}</span>\n        <span data-product-price-without-tax class=\"price price--withoutTax price--main\">{{price.price_range.min.without_tax.formatted}} - {{price.price_range.max.without_tax.formatted}}</span>\n        {{#and price.price_range.min.with_tax price.price_range.max.with_tax}}\n            <abbr title=\"{{lang 'products.excluding_tax'}}\">{{lang 'products.price_without_tax' tax_label=price.price_range.min.tax_label}}</abbr>\n        {{/and}}\n    </div>\n    {{!-- Never display the \"non-sales price\" if there is a price range to be shown, but we do want the element on the page --}}\n    <div class=\"price-section price-section--withoutTax non-sale-price--withoutTax{{#if price.with_tax}} price-section--minor{{/if}}\" style=\"display: none;\">\n        <span class=\"price-was-label\">{{theme_settings.pdp-non-sale-price-label}}</span>\n        <span data-product-non-sale-price-without-tax class=\"price price--non-sale\">\n            {{price.non_sale_price_without_tax.formatted}}\n        </span>\n    </div>\n{{/and}}\n\n{{!-- Never display the \"saving price\" element by default if there is a price range on the page to be shown --}}\n{{#if page_type '===' 'product'}}\n     <div class=\"price-section price-section--saving price\" style=\"display: none;\">\n            <span class=\"price\">{{lang 'products.you_save_opening_text'}}</span>\n            <span data-product-price-saved class=\"price price--saving\">\n                {{price.saved.formatted}}\n            </span>\n            <span class=\"price\">{{lang 'products.you_save_closing_bracket'}}</span>\n     </div>\n{{/if}}\n","components/products/ratings":"{{#for 1 5}}\n    {{#if ../this.rating '>=' $index}}\n        <span class=\"icon icon--ratingFull\">\n            <svg>\n                <use href=\"#icon-star\" />\n            </svg>\n        </span>\n    {{else}}\n        <span class=\"icon icon--ratingEmpty\">\n            <svg>\n                <use href=\"#icon-star\" />\n            </svg>\n        </span>\n    {{/if}}\n{{/for}}\n{{{snippet 'product_rating'}}}\n"}
