{
  "fr-ca": "{\n    \"header\": {\n        \"welcome_back\": \"Bonjour, {name}\"\n    }\n}\n",
  "fr": "{\n    \"header\": {\n        \"welcome_back\": \"Bienvenue, {name}\"\n    }\n}\n",
  "en-ca": "{\n    \"header\": {\n        \"welcome_back\": \"Good day, {name}\"\n    }\n}\n",
  "en": "{\n    \"header\": {\n        \"welcome_back\": \"Welcome back, {name}\"\n    },\n    \"footer\": {\n        \"brands\": \"Popular Brands\",\n        \"navigate\": \"Navigate\",\n        \"info\": \"Contact Info\",\n        \"categories\": \"Categories\",\n        \"call_us\": \"Call us at {phone_number}\",\n        \"powered_by\": \"Powered by\",\n        \"email\": \"contact@example.com\",\n        \"about\": \"About Us\",\n        \"about_text\": \" \",\n        \"location\": \"Location\",\n        \"location_image\": \"https://placehold.it/270x120\"\n    },\n    \"home\": {\n        \"heading\": \"Home\"\n    },\n    \"blog\": {\n        \"recent_posts\": \"Recent Posts\",\n        \"label\": \"Blog\",\n        \"posted_by\": \"{name}\",\n        \"read_more\": \"read more\"\n    },\n    \"unavailable\": {\n        \"hibernation_title\": \"We'll be back\",\n        \"hibernation_message\": \"Thanks for visiting. Our store is currently unavailable. We apologize for any inconvenience caused.\",\n        \"maintenance_title\": \"Down for Maintenance\",\n        \"maintenance_message\": \"This store is currently unavailable due to maintenance. It should be available again shortly. We apologize for any inconvenience caused.\"\n    },\n    \"brands\": {\n        \"no_products\": \"There are no products listed under this brand.\"\n    },\n    \"categories\": {\n        \"no_products\": \"There are no products listed under this category.\"\n    },\n    \"checkout\": {\n        \"title\": \"Checkout\"\n    },\n    \"cart\": {\n        \"continue_shopping\": \"Click here to continue shopping\",\n        \"login_to_checkout\": \"Login to proceed to checkout\",\n        \"items\": \"{NUM, plural, =0{(0 items)} one {(# item)} other {(# items)}}\",\n        \"checkout\": {\n            \"address\": {\n                \"multiple\": \"check out with multiple addresses\",\n                \"or\": \"or\"\n            },\n            \"button\": \"Check out\",\n            \"empty_cart\": \"Your cart is empty\",\n            \"title\": \"Click here to proceed to checkout\",\n            \"item\": \"Item\",\n            \"price\": \"Price\",\n            \"quantity\": \"Quantity\",\n            \"total\": \"Total\",\n            \"change\": \"Change\",\n            \"subtotal\": \"Subtotal\",\n            \"enter_code\": \"Coupon code / Gift certificate\",\n            \"gift_wrapping\": \"Gift wrapping\",\n            \"shipping\": \"Shipping\",\n            \"grand_total\": \"Grand total\",\n            \"select\": \"Select\",\n            \"update\": \"Update shipping cost\"\n        },\n        \"preview\": {\n            \"checkout_now\": \"Check out now\",\n            \"checkout_multiple\": \"or check out with multiple addresses\",\n            \"view_cart\": \"View Cart\"\n        },\n        \"label\": \"Your Cart ({quantity, plural, one {# item} other {# items}})\",\n        \"is_empty\": \"Your cart is empty\",\n        \"coupon_code\": \"Coupon Code\",\n        \"discount\": \"Discount\",\n        \"gift_certificate\": \"Gift Certificate\",\n        \"remove_file\": \"Remove this file\",\n        \"freeshipping\": \"Free Shipping\",\n        \"reconfigure_product\": \"Configure '{name}'\",\n        \"shipping_peritem\": \"Per Item Shipping\",\n        \"confirm_delete\": \"Are you sure you want to delete this item?\",\n        \"remove\": \"Remove\",\n        \"coupons\": {\n            \"empty_error\": \"Please enter your coupon code.\",\n            \"cancel\": \"Cancel\",\n            \"add_code\": \"Add code\",\n            \"add_coupon\": \"Add Coupon\",\n            \"button\": \"Apply\",\n            \"coupon_code\": \"Enter your coupon code\",\n            \"code_label\": \"Coupon ({code})\",\n            \"remove\": \"Remove\"\n        },\n        \"gift_certificates\": {\n            \"add_cert_code\": \"Add Certificate\",\n            \"gift_certificate\": \"Gift Certificate\",\n            \"code_label\": \"Gift Certificate ({code})\",\n            \"cert_code\": \"Enter your certificate code\",\n            \"remove\": \"Remove\"\n        },\n        \"shipping_estimator\": {\n            \"add_info\": \"Add Info\",\n            \"select_a_country\": \"Country\",\n            \"select_a_state\": \"State/province\",\n            \"estimate_shipping\": \"Estimate Shipping\",\n            \"suburb_city\": \"Suburb/city\",\n            \"zip_postal_code\": \"Zip/postcode\",\n            \"free_shipping\": \"Free shipping\",\n            \"hide_ups_rates\": \"Hide UPS Rates\",\n            \"show_ups_rates\": \"Show UPS Rates\",\n            \"empty_country_error\": \"The 'Country' field cannot be blank.\",\n            \"empty_province_error\": \"The 'State/Province' field cannot be blank.\"\n        },\n        \"gift_wrapping\": {\n            \"title\": \"Gift Wrapping\",\n            \"add\": \"Add\",\n            \"change\": \"Change\",\n            \"remove\": \"Remove\",\n            \"choose_how\": \"Please choose how you'd like to have this item gift wrapped.\",\n            \"option_same\": \"I'd like to wrap each of this item using the same wrapping options\",\n            \"item_single\": \"Gift wrapping - {name}\",\n            \"item_multiple\": \"Item {index} - {name}\",\n            \"option_different\": \"I'd like to gift wrap each item separately\",\n            \"choose_type\": \"Please choose a type of gift wrapping\",\n            \"gift_message\": \"Gift Message\",\n            \"remove_confirm\": \"Are you sure you want to remove the gift wrapping from this item?\",\n            \"preview\": \"Preview\"\n        },\n        \"added_to_cart\": {\n            \"what_next\": \"Ok, {num_products, plural, one {1 item was} other {# items were}} added to your cart. What's next?\",\n            \"your_cart_contains\": \"Your cart contains {num_products, plural, one {1 item} other {# items}}\",\n            \"proceed_to_checkout\": \"Proceed to checkout\",\n            \"order_subtotal\": \"Order subtotal\",\n            \"continue_shopping\": \"Continue Shopping\",\n            \"view_or_edit_cart\": \"View or edit your cart\",\n            \"you_might_also_like\": \"You may also like\",\n            \"auto_close\": \"Auto close after <span class='count'></span>s\"\n        }\n    },\n    \"common\": {\n        \"store_credit\": \"You have <strong>{store_credit}</strong> of store credit. To use it, simply place your order and you will be able to choose store credit as the payment method when it comes time to pay for your order.\",\n        \"store_credit_overview\": \"{credit} Store Credit\",\n        \"generic_error\": \"Oops! Something went wrong.\",\n        \"currency\": \"<span class='emthemesModez-currency-label'>Select Currency:&nbsp;</span><span class='emthemesModez-currency-value'>{code}</span>\",\n        \"currency_switch_promotion\" : \"Promotions and gift certificates that don't apply to the new currency will be removed from your cart. Are you sure you want to continue?\",\n        \"newsletter_signup\": \"Register for our newsletter\",\n        \"form_submit\": \"Submit\",\n        \"no_preference\": \"No Preference\",\n        \"other_details\": \"Other Details\",\n        \"required\": \"Required\",\n        \"email_address\": \"Email Address\",\n        \"edit\": \"Edit\",\n        \"not_applicable\": \"N/A\",\n        \"no\": \"No\",\n        \"yes\": \"Yes\",\n        \"from\": \"From\",\n        \"to\": \"to\",\n        \"cancel\": \"Cancel\",\n        \"close\": \"Close\",\n        \"or\": \"or\",\n        \"and\": \"and\",\n        \"compare\": \"Compare\",\n        \"sign_up\": \"Register\",\n        \"login\": \"Sign In\",\n        \"login_for_pricing\": \"Log in for pricing\",\n        \"logout\": \"Sign Out\",\n        \"account\": \"Account\",\n        \"cart\": \"Cart\",\n        \"search\": \"Search\",\n        \"gift_cert\": \"Gift Certificates\",\n        \"gift_cert2\": \"<span class='firstword'>Gift </span>Certificates\",\n        \"save\": \"Save\",\n        \"share\": \"Share\",\n        \"delete\": \"Delete\",\n        \"public\": \"Public\",\n        \"private\": \"Private\",\n        \"view_all\": \"View All\",\n        \"all\": \"All\",\n        \"paginator\": {\n            \"page_of\": \"Page {current} of {total}\",\n            \"items_of\": \"Items {start} to {end} of {total} total\"\n        },\n        \"prices_are_in\": \"Prices are in {CODE}\",\n        \"previous\": \"Previous\",\n        \"next\": \"Next\",\n        \"sorter\": {\n            \"relevance\": \"Relevance\",\n            \"sort_by\": \"Sort By:\",\n            \"featured\": \"Featured Items\",\n            \"top_sellers\": \"Best Selling\",\n            \"newest\": \"Newest Items\",\n            \"alpha_asc\": \"A to Z\",\n            \"alpha_desc\": \"Z to A\",\n            \"reviews\": \"By Review\",\n            \"price_asc\": \"Price: Ascending\",\n            \"price_desc\": \"Price: Descending\",\n            \"products_per_page\": \"Products Per Page\",\n            \"columns\": \"Columns\"\n        },\n        \"loading\": \"Loading\",\n        \"month\": \"Month\",\n        \"day\": \"Day\",\n        \"year\": \"Year\",\n        \"short_months\": {\n            \"1\": \"Jan\",\n            \"2\": \"Feb\",\n            \"3\": \"Mar\",\n            \"4\": \"Apr\",\n            \"5\": \"May\",\n            \"6\": \"Jun\",\n            \"7\": \"Jul\",\n            \"8\": \"Aug\",\n            \"9\": \"Sep\",\n            \"10\": \"Oct\",\n            \"11\": \"Nov\",\n            \"12\": \"Dec\"\n        },\n        \"top_of_page\": \"Top of Page\",\n        \"nav_more\": \"More\"\n    },\n    \"compare\": {\n        \"button\": \"Compare Products\",\n        \"header\": \"Comparing {products, plural, one {# Product} other {# Products}}\",\n        \"remove\": \"Remove\",\n        \"clear_all\": \"Clear All\",\n        \"no_remove\": \"At least 2 products are needed to make a valid comparison.\",\n        \"add_to_cart\": \"Add to cart\"\n    },\n    \"category\": {\n        \"label\": \"Categories\",\n        \"shop_by_price\": \"Shop By Price\",\n        \"reset\": \"Reset\",\n        \"view_all\": {\n            \"name\": \"All {category}\"\n        }\n    },\n    \"brand\": {\n        \"label\": \"Brands\",\n        \"view_brands\": \"View all brands\"\n    },\n    \"gift_certificate\": {\n        \"heading\": \"Gift Certificates\",\n        \"purchase\": {\n            \"heading\": \"Purchase Gift Certificate\"\n        },\n        \"redeem\": {\n            \"heading\": \"Redeem Gift Certificate\",\n            \"intro\": \"To redeem a gift certificate at {store_name}, follow the simple steps below.\",\n            \"item1\": \"You need your unique gift certificate code, which is part of the gift certificate that was emailed to you as an attachment. It will look something like Z50-Y6K-COS-402.\",\n            \"item2\": \"Browse the store and add items to your cart as you normally would.\",\n            \"item3\": \"Click the '<a href=\\\"{cart_url}\\\">View Cart</a>' link to view the contents of your shopping cart.\",\n            \"item4\": \"Type your gift certificate code in to the 'Redeem Gift Certificate' box and click 'Go'.\"\n        },\n        \"balance\": {\n            \"heading\": \"Check Gift Certificate Balance\",\n            \"intro\": \"You can check the balance of a gift certificate by typing the code in to the box below.\"\n        }\n    },\n    \"create_account\": {\n        \"heading\": \"New Account\",\n        \"created\": {\n            \"heading\": \"Your account has been created\",\n            \"intro\": \"Thank you for creating your account at {store_name}. Your account details have been emailed to {email}\",\n            \"continue\": \"Continue Shopping\"\n        }\n    },\n    \"login\": {\n        \"heading\": \"Sign in\",\n        \"field_email\": \"Email Address:\",\n        \"field_password\": \"Password:\",\n        \"submit_value\": \"Sign in\",\n        \"forgot_password\": \"Forgot your password?\",\n        \"new_customer\": {\n            \"heading\": \"New Customer?\",\n            \"intro\": \"Create an account with us and you'll be able to:\",\n            \"fact1\": \"Check out faster\",\n            \"fact2\": \"Save multiple shipping addresses\",\n            \"fact3\": \"Access your order history\",\n            \"fact4\": \"Track new orders\",\n            \"fact5\": \"Save items to your Wish List\",\n            \"create_account\": \"Create Account\"\n        }\n    },\n    \"reset_password\": {\n        \"heading\": \"Reset Password\",\n        \"intro\": \"Fill in your email below to request a new password. An email will be sent to the address below containing a link to verify your email address.\"\n    },\n    \"account\": {\n        \"breadcrumb\": \"Your Account\",\n        \"nav\": {\n            \"overview\": \"Overview\",\n            \"orders\": \"Orders\",\n            \"returns\": \"Returns\",\n            \"messages\": \"Messages ({num_new_messages})\",\n            \"wishlists\": \"Wish Lists\",\n            \"wishlists2\": \"<span class='firstword'>Wish </span>Lists\",\n            \"recently_viewed\": \"Recently Viewed\",\n            \"recently_viewed2\": \"<span class='firstword'>Recently </span>Viewed\",\n            \"settings\": \"Account Settings\",\n            \"addresses\": \"Addresses\",\n            \"payment_methods\": \"Payment Methods\"\n        },\n        \"mobile_nav\": {\n            \"messages\": \"Messages\",\n            \"wishlists\": \"Wish Lists\"\n        },\n        \"addresses\": {\n            \"heading\": \"Addresses\",\n            \"add_heading\": \"Add New Address\",\n            \"primary\": \"Primary\",\n            \"phone\": \"Phone:\",\n            \"new_address\": \"New Address\",\n            \"no_addresses\": \"You currently have no addresses added to your profile\"\n        },\n        \"messages\": {\n            \"heading\": \"Messages\",\n            \"customer_said\": \"You said:\",\n            \"merchant_said\": \"{store_name} said:\"\n        },\n        \"orders\": {\n            \"heading\": \"Orders\",\n            \"none\": \"You haven't placed any orders with us. When you do, their status will appear on this page.\",\n            \"return\": {\n                \"already_returned\": \"This order contains no products that can be returned. Have you already returned all of the items within this order?\",\n                \"back_button\": \"Go back\",\n                \"order_item\": \"Item\",\n                \"item_price\": \"Price\",\n                \"quantity\": \"Qty To Return\",\n                \"why\": \"Why are you returning these items?\",\n                \"reason\": \"Return Reason\",\n                \"action\": \"Return Action\",\n                \"comments\": \"Comments\"\n            },\n            \"gift_wrapping\": \"Gift wrapping:\",\n            \"refunded\": \"(Refunded)\",\n            \"refunded_quantity\": \"({qty} refunded)\",\n            \"return_item\": \"Return\",\n            \"return_items\": \"Return Items?\",\n            \"order_placed\": \"Order Placed\",\n            \"last_update\": \"Last Update\",\n            \"list\": {\n                \"order_number\": \"Order #{number}\",\n                \"product_details\": \"{num_products, plural, one {1 product} other {# products}} totaling {cost}\"\n            },\n            \"details\": {\n                \"heading\": \"Order #{number}\",\n                \"order_contents\": \"Order Contents\",\n                \"ship_to\": \"Ship To\",\n                \"ship_to_multi\": \"Items shipped to {street}, {city}, {state}, {zip}, {country}\",\n                \"ship_to_multi_text\": \"Order will be shipped to multiple addresses\",\n                \"pickup_details\": \"Pickup Details\",\n                \"bill_to\": \"Bill To\",\n                \"how_to_pay\": \"Here's how to pay for your order:\",\n                \"order_details\": \"Order Details\",\n                \"order_total\": \"Order total:\",\n                \"order_status\": \"Order status:\",\n                \"payment_date\": \"Order date:\",\n                \"payment_method\": \"Payment method:\",\n                \"comments\": \"Order Comments\",\n                \"download_items\": \"Download Items\",\n                \"card_ending\": \"ending in {card}\",\n                \"shipments\": {\n                  \"date\": \"Date Shipped\",\n                  \"method\": \"Shipping Method\",\n                  \"link\": \"Tracking Link\",\n                  \"header\": \"Shipping Details\"\n                },\n                \"actions\": \"Actions\",\n                \"reorder\": \"Reorder\",\n                \"return\": \"Return\",\n                \"pickup\": \"Pickup Details\",\n                \"pickup_method\": \"Pickup method\",\n                \"in_store_pickup\": \"In-store pickup\",\n                \"print_invoice\": \"Print Invoice\",\n                \"phone\": \"Phone\",\n                \"email\": \"Email\",\n                \"opening_hours\": \"Opening hours\"\n            },\n            \"downloads\": {\n                \"heading\": \"Order #{number} Downloads\",\n                \"download_files_below\": \"Below you can download the files for\",\n                \"expired_content\": \"File has expired\",\n                \"days_remaining\": \"{number, plural, one {1 day} other {# days}}\",\n                \"downloads_remaining\": \"{number, plural, one {1 download} other {# downloads}} remaining\",\n                \"days_or_downloads\": \"or {number} downloads\",\n                \"remaining\": \"remaining\"\n            }\n        },\n        \"payment_methods\": {\n            \"heading\": \"Payment Methods\",\n            \"payment_method\": \"Payment method\",\n            \"billing_address\": \"Billing address\",\n            \"card_ending_in\": \"ending in {last_four}\",\n            \"card_expiry\": \"{month}/{year}\",\n            \"new_payment_method\": \"Add new payment method\",\n            \"no_methods\": \"You currently have no payment methods added to your account\",\n            \"name_on_card\": \"Name on Card\",\n            \"credit_card_number\": \"Credit Card Number\",\n            \"expiration\": \"Expiration\",\n            \"cvv\": \"CVV\",\n            \"card_types\": {\n                \"american_express\": \"American Express\",\n                \"credit_card\": \"Credit Card\",\n                \"dankort\": \"Dankort\",\n                \"diners_club\": \"Diners Club\",\n                \"discover\": \"Discover\",\n                \"jcb\": \"JCB\",\n                \"maestro\": \"Maestro\",\n                \"mastercard\": \"Mastercard\",\n                \"unionpay\": \"Union Pay\",\n                \"visa\": \"Visa\"\n            },\n            \"paypal\": \"PayPal\",\n            \"billing_address_labels\": {\n              \"address_line_1\": \"Address Line 1\",\n              \"address_line_2\": \"Address Line 2\",\n              \"suburb_city\": \"Suburb/City\",\n              \"state_province\": \"State/Province\",\n              \"choose_state\": \"Choose a State\",\n              \"country\": \"Country\",\n              \"choose_country\": \"Choose a Country\",\n              \"zip_postcode\": \"Zip/Postcode\"\n            }\n        },\n        \"returns\": {\n            \"heading\": \"Returns\",\n            \"instructions\": \"Return Instructions\",\n            \"error_no_qty\": \"Please select one or more items to return.\",\n            \"none\": \"You haven't placed any returns with us. When you do, they will appear on this page.\",\n            \"new_return\": \"New Return\",\n            \"from_order\": \"Return Items from Order #{id}\",\n            \"date_requested\": \"Return Requested\",\n            \"successful_heading\": \"Return Request Submitted\",\n            \"successful\": \"Your return was submitted successfully. We'll respond as soon as we can.\",\n            \"return\": \"Return to Orders\",\n            \"last_update\": \"Last Update\",\n            \"reason\": \"Return Reason\",\n            \"action\": \"Return Action\",\n            \"comments\": \"Your Comments\",\n            \"submit_request\": \"Submit Return Request\",\n            \"list\": {\n                \"return_number\": \"Return #{id}\",\n                \"product_details\": \"Returning {num_products}\"\n            },\n            \"status\": {\n                \"pending\": \"Pending\",\n                \"received\": \"Received\",\n                \"authorized\": \"Authorized\",\n                \"repaired\": \"Repaired\",\n                \"refunded\": \"Refunded\",\n                \"rejected\": \"Rejected\",\n                \"cancelled\": \"Cancelled\"\n            }\n        },\n        \"settings\": {\n            \"heading\": \"Account Settings\",\n            \"first_name\": \"First Name\",\n            \"last_name\": \"Last Name\",\n            \"email\": \"Email Address\",\n            \"company\": \"Company\",\n            \"phone\": \"Phone Number\",\n            \"old_password\": \"Old Password\",\n            \"new_password\": \"New Password\",\n            \"confirm_password\": \"Confirm Password\",\n            \"update_details\": \"Update Details\"\n        },\n        \"recent_items\": {\n            \"heading\" : \"Recently Viewed\",\n            \"no_items\": \"The items you've recently looked at on our site will appear below.\"\n        },\n        \"wishlists\": {\n            \"heading\": \"Wish Lists\",\n            \"tag_line\": \"Fill in the form below to create a new Wish List. Click the \\\"Create Wish List\\\" button when you're done.\",\n            \"new\": \"New Wish List\",\n            \"you_have_none\": \"You have no Wish Lists, add one now.\",\n            \"empty_wishlist\": \"Your Wish List is empty. When you add items to your Wish List they will appear here.\",\n            \"num_items\": \"Items\",\n            \"add_item\": \"Add to Wish List\",\n            \"remove_item\": \"Remove Item\",\n            \"name\": \"Wish List Name\",\n            \"shared\": \"Shared\",\n            \"action\": \"Action\",\n            \"add\": \"Add Wish List\",\n            \"delete_all\": \"Delete All\",\n            \"edit\": \"Edit Wish List\",\n            \"view_heading\": \"Wish List: {name}\",\n            \"share_intro\": \"Share this Wish List with friends:\",\n            \"num_products\": \"{num_products, plural, one {1 product} other {# products}}\",\n            \"create\": \"Create Wish List\",\n            \"save\": \"Save Wish List\",\n            \"delete_alert\": \"Are you sure you want to delete your Wish List(s)? This action cannot be undone.\",\n            \"create_new\": \"Create New Wish List\",\n            \"add_to_default\": \"Add to My Wish List\",\n            \"enter_wishlist_name_error\": \"You must enter a wishlist name.\"\n        }\n    },\n    \"page\": {\n        \"label\": \"Quick Links\",\n        \"rss\": {\n            \"intro\": \"RSS feeds are used for syndicating regularly changing content on a web site, including this one. You can open an RSS feed using an RSS reader and use it to see if there is any new content on this site or you can set up a server-side script to parse the feed and display it on your web site.\",\n            \"heading\": \"RSS Syndication\",\n            \"blog\": {\n                \"heading\": \"Recent Blog Posts\",\n                \"intro\": \"The recent post feed contains the latest {limit} blog posts published on {store}.\",\n                \"rss\": \"Latest {limit} Blog Posts (RSS)\",\n                \"rss_atom\": \"Latest {limit} Blog Posts (Atom)\"\n            },\n            \"products\": {\n                \"new\": {\n                    \"heading\": \"New Products\",\n                    \"intro\": \"The latest products feed contains the latest {limit} products added to {store}.\",\n                    \"rss\": \"Latest {limit} New Products (RSS)\",\n                    \"rss_atom\": \"Latest {limit} New Products (Atom)\"\n                },\n                \"popular\": {\n                    \"heading\": \"Popular Products\",\n                    \"intro\": \"The popular products feed contains the top {limit} most popular products on {store} as rated by users.\",\n                    \"rss\": \"Latest {limit} Popular Products (RSS)\",\n                    \"rss_atom\": \"Latest {limit} Popular Products (Atom)\"\n                },\n                \"featured\": {\n                    \"heading\": \"Featured Products\",\n                    \"intro\": \"The featured products feed contains the latest {limit} featured products on {store}.\",\n                    \"rss\": \"Latest {limit} Featured Products (RSS)\",\n                    \"rss_atom\": \"Latest {limit} Featured Products (Atom)\"\n                }\n            },\n            \"search\": {\n                \"heading\": \"Product Searches\",\n                \"intro1\": \"Product search feeds allow you to save your custom product searches as syndication feed that will always update when there are new results.\",\n                \"intro2\": \"To create a product search feed, perform a standard search on {store} and at the bottom of the page click on one of the syndication options.\"\n            }\n        }\n    },\n    \"forms\": {\n        \"range\": \"You need to enter numbers only between: {limitTo} and {limitFrom}\",\n        \"contact_us\": {\n            \"full_name\": \"Full Name\",\n            \"email\": \"Email Address\",\n            \"company\": \"Company Name\",\n            \"phone\": \"Phone Number\",\n            \"order\": \"Order Number\",\n            \"rma\": \"RMA Number\",\n            \"question\": \"Comments/Questions\",\n            \"submit\": \"Submit Form\",\n            \"successful\": \"We've received your feedback and will respond shortly if required. <a href=\\\"{shopPath}\\\">Continue</a>.\",\n            \"manual_captcha_instruction\": \"Please answer the question below for additional verification.\"\n        },\n        \"create_account\": {\n            \"submit_value\": \"Create Account\"\n        },\n        \"new_password\": {\n            \"heading\": \"Change Password\",\n            \"password\": \"New Password\",\n            \"password2\": \"Confirm Password\",\n            \"submit_value\": \"Continue\"\n        },\n        \"address\": {\n            \"add\": {\n                \"heading\": \"Add New Address\",\n                \"description\": \"Use the form below to change any/all details of your shipping address. Click the 'Save Address' button when you are done.\"\n            },\n            \"edit\": {\n                \"heading\": \"Update Address\"\n\n            },\n            \"confirm_delete\": \"Are you sure you want to delete this address?\",\n            \"submit_value\": \"Save Address\"\n        },\n        \"payment_methods\": {\n            \"add\": {\n                \"heading\": \"Add Payment Method\"\n            },\n            \"edit\": {\n                \"heading\": \"Update Payment Method\"\n            },\n            \"confirm_delete\": \"Are you sure you want to delete this payment method?\",\n            \"submit_value\": \"Save Payment Method\",\n            \"first_name\": \"First Name\",\n            \"last_name\": \"Last Name\",\n            \"company\": \"Company Name\",\n            \"phone\": \"Phone Number\",\n            \"address1\": \"Address Line 1\",\n            \"address2\": \"Address Line 2\",\n            \"city\": \"Suburb/City\",\n            \"country\": \"Country\",\n            \"state\": \"State/Province\",\n            \"postal_code\": \"Zip/Postcode\",\n            \"choose_country\": \"Choose a Country\",\n            \"default_instrument\": \"Default Payment Method\"\n        },\n        \"gift_certificate\": {\n            \"purchase\": {\n                \"to_name\": \"Recipient's Name\",\n                \"to_email\": \"Recipient's Email\",\n                \"from_name\": \"Your Name\",\n                \"from_email\": \"Your Email\",\n                \"message\": \"Optional Message\",\n                \"amount\": \"Amount\",\n                \"theme\": \"Gift Certificate Theme\",\n                \"custom_range\": \"(Value must be between {min} and {max})\",\n                \"agree\": \"I understand that Gift Certificates expire after {days, plural, one {1 day} other {# days}}\",\n                \"agree2\": \"I agree that Gift Certificates are nonrefundable\",\n                \"preview\": \"Preview\",\n                \"preview_error\": \"There was a problem loading the preview. Please try again later.\",\n                \"submit_value\": \"Add Gift Certificate to Cart\"\n            },\n            \"balance\": {\n                \"code\": \"Gift Certificate Code\",\n                \"submit_value\": \"Check Balance\"\n            }\n        },\n        \"inbox\": {\n            \"order\": \"Order:\",\n            \"order_display\": \"Order #{id} - Placed on {date} for {total}\",\n            \"subject\": \"Subject\",\n            \"message\": \"Message\",\n            \"submit_value\": \"Send Message\",\n            \"send_message\": \"Send a Message\",\n            \"clear_value\": \"Clear\",\n            \"no_orders\": \"Once you place an order you'll have full access to send messages from this page.\"\n        },\n        \"search\": {\n            \"query\": \"Search Keyword\",\n            \"show\": \"Show Search Form\",\n            \"hide\": \"Hide Search Form\",\n            \"title\": \"Advanced Search\",\n            \"price_range\": \"Price Range\",\n            \"by_price\": \"Search By Price\",\n            \"by_setting\": \"Search By Setting\",\n            \"search\": \"Search\",\n            \"free_shipping\": {\n                \"title\": \"Free Shipping\",\n                \"free\": \"Only Free Shipping\",\n                \"paid\": \"Only Paid Shipping\"\n            },\n            \"featured_products\": {\n                \"title\": \"Featured Products\",\n                \"enabled\": \"Only Featured Products\",\n                \"disabled\": \"Only Non-Featured Products\"\n            },\n            \"categories\": \"Categories\",\n            \"did_you_mean\": \"Did you mean:\",\n            \"your_search_for\": \"Your search for\",\n            \"no_match\": \"did not match any products or information.\",\n            \"suggestions\": {\n                \"title\": \"Suggestions:\",\n                \"line1\": \"Make sure all words are spelled correctly.\",\n                \"line2\": \"Try different keywords.\",\n                \"line3\": \"Try more general keywords.\"\n            },\n            \"refine\": \"Refine Search\",\n            \"brand\": \"Brands\",\n            \"searchsubs\": \"Automatically search sub categories\"\n        },\n        \"wishlist\": {\n            \"name\": \"Wish List Name:\",\n            \"public\": \"Share Wish List?\"\n        },\n        \"validate\": {\n            \"account\": {\n                \"edit\": {\n                    \"password\": \"You must enter your current password.\",\n                    \"first_name\": \"You must enter a first name.\",\n                    \"last_name\": \"You must enter a last name.\",\n                    \"phone\": \"You must enter a phone number.\"\n                },\n                \"reorder\": {\n                    \"select_item\": \"Please select one or more items to reorder.\"\n                },\n                \"inbox\": {\n                    \"order\": \"You must select an order.\",\n                    \"subject\": \"You must enter a subject.\",\n                    \"message\": \"You must enter a message.\"\n                }\n            },\n            \"common\": {\n                \"name\": \"You must enter your name.\",\n                \"password\": \"You must enter a password.\",\n                \"password_match\": \"Your passwords do not match.\",\n                \"email_address\": \"Please use a valid email address, such as user@example.com.\"\n            },\n            \"contact\": {\n                \"email_address\": \"Please use a valid email address, such as user@example.com.\",\n                \"question\": \"You must enter your question.\"\n            },\n            \"gift\": {\n                \"to_name\": \"You must enter a valid recipient name.\",\n                \"to_email\": \"You must enter a valid recipient email.\",\n                \"from_name\": \"You must enter your name.\",\n                \"from_email\": \"You must enter a valid email.\",\n                \"cert_theme\": \"You must select a gift certificate theme.\",\n                \"agree_terms\": \"You must agree to these terms.\"\n            },\n            \"payment_method\": {\n                \"credit_card_number\": \"You must enter a valid credit card number.\",\n                \"expiration\": \"You must enter a valid expiration date.\",\n                \"name_on_card\": \"You must enter a name.\",\n                \"cvv\": \"You must enter a valid cvv.\"\n            },\n            \"reviews\": {\n                \"rating\": \"The 'Rating' field cannot be blank.\",\n                \"title\": \"The 'Review Subject' field cannot be blank.\",\n                \"comment\": \"The 'Comments' field cannot be blank.\"\n            }\n        }\n    },\n    \"products\": {\n        \"current_stock\": \"Current Stock:\",\n        \"quantity\": \"Quantity:\",\n        \"quantity_decrease\": \"Decrease Quantity of {name}\",\n        \"quantity_increase\": \"Increase Quantity of {name}\",\n        \"purchase_units\": \"{quantity, plural, =0{0 units} one {# unit} other {# units}}\",\n        \"max_purchase_quantity\": \"Maximum Purchase:\",\n        \"min_purchase_quantity\": \"Minimum Purchase:\",\n        \"related_products\": \"Related Products\",\n        \"top\": \"Bestselling\",\n        \"similar_by_views\": \"Customers Also Viewed\",\n        \"featured\": \"Featured\",\n        \"file_option_set\": \"Currently: <a href=\\\"{url}\\\" target=\\\"_blank\\\">{name}</a>\",\n        \"new\": \"New\",\n        \"warranty\": \"Warranty Information\",\n        \"addition\": \"Additional Information\",\n        \"reviews\": {\n            \"hide\": \"Hide Reviews\",\n            \"new\": \"Write a Review\",\n            \"show\": \"Show Reviews\",\n            \"header\": \"{total, plural, =0{0 Reviews} one {# Review} other {# Reviews}}\",\n            \"link_to_review\": \"({total, plural, =0{No reviews yet} one {# review} other {# reviews}})\",\n            \"post_on_by\": \"Posted by <span>{ name }</span> on { date }\",\n            \"rating_label\": \"Rating\",\n            \"select_rating\": \"Select Rating\",\n            \"anonymous_poster\": \"Unknown\",\n            \"rating\": {\n                \"1\": \"1 star (worst)\",\n                \"2\": \"2 stars\",\n                \"3\": \"3 stars (average)\",\n                \"4\": \"4 stars\",\n                \"5\": \"5 stars (best)\"\n            },\n            \"write_a_review\": \"Write a Review\",\n            \"no_reviews\": \"No Reviews\",\n            \"form_write\": {\n                \"name\": \"Name\",\n                \"email\": \"Email\",\n                \"subject\": \"Review Subject\",\n                \"comments\": \"Comments\",\n                \"submit_value\": \"Submit Review\"\n            }\n        },\n        \"videos\": {\n            \"header\": \"Videos\",\n            \"hide\": \"Hide Videos\",\n            \"show\": \"Show Videos\"\n        },\n        \"add_to_cart\": \"Add to Cart\",\n        \"adding_to_cart\": \"Adding to cart…\",\n        \"options\": \"Options\",\n        \"none\": \"None\",\n        \"sku\": \"SKU:\",\n        \"upc\": \"UPC:\",\n        \"mpn\": \"MPN:\",\n        \"condition\": \"Condition:\",\n        \"availability\": \"Availability:\",\n        \"shipping\": \"Shipping:\",\n        \"shipping_fixed\": \"{amount} (Fixed Shipping Cost)\",\n        \"shipping_free\": \"Free Shipping\",\n        \"shipping_calculated\": \"Calculated at Checkout\",\n        \"sold_out\": \"Sold Out\",\n        \"out_of_stock_default_message\": \"Sold Out\",\n        \"pre_order\": \"Pre-Order Now\",\n        \"choose_options\": \"Choose Options\",\n        \"quick_view\": \"Quick view\",\n        \"compare\": \"Compare\",\n        \"max_filesize\": \"Maximum file size is\",\n        \"filetypes\": \"file types are\",\n        \"choose_an_option\": \"Please choose an option\",\n        \"select_one\": \"Please select one\",\n        \"description\": \"Description\",\n        \"price_with_tax\": \"Inc. {tax_label}\",\n        \"price_without_tax\": \"Ex. {tax_label}\",\n        \"including_tax\": \"Including Tax\",\n        \"excluding_tax\": \"Excluding Tax\",\n        \"weight\": \"Weight:\",\n        \"width\": \"Width:\",\n        \"height\": \"Height:\",\n        \"depth\": \"Depth:\",\n        \"measurement\": {\n            \"metric\": \"cm\",\n            \"imperial\": \"in\"\n        },\n        \"you_save_opening_text\": \"— You save\",\n        \"you_save_closing_bracket\": \" \",\n        \"gift_wrapping\": \"Gift wrapping:\",\n        \"gift_wrapping_available\": \"Options available\",\n        \"quantity_min\": \"The minimum purchasable quantity is {quantity}\",\n        \"quantity_max\": \"The maximum purchasable quantity is {quantity}\",\n        \"bulk_pricing\": {\n            \"title\": \"Bulk Pricing:\",\n            \"view\": \"Buy in bulk and save\",\n            \"modal_title\": \"Bulk discount rates\",\n            \"instructions\": \"Below are the available bulk discount rates for each individual item when you purchase a certain amount\",\n            \"range\": \"Buy {min} {max, plural, =0{or above} other {- #}}\",\n            \"range_single\": \"Buy {min}\",\n            \"percent\": \"and get {discount} off\",\n            \"price\": \"and get {discount} off\",\n            \"fixed\": \"and pay only {discount} each\"\n        }\n    },\n    \"invoice\": {\n        \"for_order\": \"{name} Invoice for Order #{id}\",\n        \"phone\": \"Phone: {number}\",\n        \"email\": \"Email: {email}\",\n        \"order\": \"Order:\",\n        \"payment_method\": \"Payment Method:\",\n        \"order_date\": \"Order Date:\",\n        \"shipping_method\": \"Shipping Method:\",\n        \"order_items\": \"Order Items\",\n        \"qty\": \"Qty\",\n        \"code\": \"Code/SKU\",\n        \"shipping_address\": \"Shipping Address\",\n        \"fulfillment\": \"Fulfillment\",\n        \"digital\": \"Digital\",\n        \"shipping\": \"Shipping\",\n        \"pickup\": \"Pickup\",\n        \"product_name\": \"Product Name\",\n        \"price\": \"Price\",\n        \"total\": \"Total\",\n        \"comments\": \"Comments\"\n    },\n    \"newsletter\": {\n        \"subscribe\": \"Subscribe to our newsletter\",\n        \"subscribe_submit\": \"Subscribe\",\n        \"email_placeholder\": \"Your email address\",\n        \"subscribed_heading\": \"Thanks for Subscribing!\",\n        \"subscribed_heading_error\": \"Oops...\",\n        \"subscribed_message\": \"Thank you for joining our mailing list. You'll be sent the next issue of our newsletter shortly\",\n        \"unsubscribed_heading\": \"Unsubscribed!\",\n        \"unsubscribed_message\": \"You will no longer receive marketing emails from <b>{store_name}</b>\",\n        \"hide_popup_msg\": \"Don't show this popup again\"\n    },\n    \"social\": {\n        \"connect\": \"Connect With Us\"\n    },\n    \"errors\": {\n        \"shipping_quote_failure\": \"There was a problem retrieving your shipping quote\",\n        \"state_error\": \"There was a problem retrieving states/provinces\"\n    },\n    \"search\": {\n        \"quick_search\": {\n            \"input_label\": \"Search\",\n            \"input_placeholder\": \"Search the store\",\n            \"show_all\": \"Show all search results\"\n        },\n        \"actionbar\": {\n            \"input_label\": \"Search\",\n            \"input_placeholder\": \"Filter products by name, SKU, attributes...\",\n            \"clear_all\": \"Clear All\"\n        },\n        \"results\": {\n            \"form_label\": \"Search Keyword:\",\n            \"form_button_text\": \"Search\",\n            \"count\": \"{ count, plural, one {# result} other {# results} } for '{ search_query }'\",\n            \"quick_count\": \"{ count, plural, one {# product result} other {# product results} } for '{ search_query }'\",\n            \"product_count\": \"Products ({count})\",\n            \"content_count\": \"News & Information ({count})\"\n        },\n        \"faceted\": {\n            \"selected\": {\n                \"title\": \"Refine by\",\n                \"rating-label\": \"Rated {rating, plural, one {# Star} other {# Stars}} Or More\",\n                \"no-filters\": \"No filters applied\",\n                \"clear-all\": \"Clear all\"\n            },\n            \"range\": {\n                \"update\": \"Update\",\n                \"min-placeholder\": \"Min.\",\n                \"max-placeholder\": \"Max.\"\n            },\n            \"rating\": {\n                \"and-up\": \"& up\"\n            },\n            \"clear\": \"Clear\",\n            \"more\": \"More\",\n            \"show-more\": \"Show More\",\n            \"show-less\": \"Show Less\",\n            \"show-filters\": \"Show Filters\",\n            \"hide-filters\": \"Hide Filters\",\n            \"browse-by\": \"Browse by\"\n        },\n        \"error\": {\n            \"empty_field\": \"Search field cannot be empty.\"\n        }\n    },\n    \"page_not_found\": {\n        \"page_heading\": \"404 Error - Page not found\",\n        \"message\": \"Uh oh, looks like the page you are looking for has moved or no longer exists.\"\n    },\n    \"server_error\": {\n        \"page_heading\": \"Something Went Wrong...\",\n        \"message\": \"Store is currently unavailable, please try again in a few minutes\"\n    },\n    \"forbidden\": {\n        \"page_heading\": \"Sorry! Please sign in to continue\",\n        \"message\": \"You do not have permission to access this page.\",\n        \"if_you_were_signed_in\": \"If you were signed in,\",\n        \"sign_in\": \"please sign back in\",\n        \"to_continue\": \", to resume your work in a new session.\"\n    },\n    \"sitemap\": {\n        \"page_title\": \"Sitemap\",\n        \"show_all_link\": \"Show All\"\n    },\n    \"text_truncate\": {\n        \"view_more\": \"View more details\",\n        \"view_less\": \"Hide details\"\n    },\n    \"cookies\": {\n        \"accept\": \"Accept Cookies\"\n    },\n    \"maintenance\": {\n        \"down\": \"Down for Maintenance\"\n    },\n    \"validation_messages\": {\n        \"valid_email\": \"You must enter a valid email.\",\n        \"password\": \"You must enter a password.\",\n        \"password_match\": \"Your passwords do not match.\",\n        \"invalid_password\": \"Passwords must be at least 7 characters and contain both alphabetic and numeric characters.\",\n        \"field_not_blank\": \" field cannot be blank.\",\n        \"certificate_amount\": \"You must enter a gift certificate amount.\",\n        \"certificate_amount_range\": \"You must enter a certificate amount between [MIN] and [MAX]\",\n        \"price_min_evaluation\": \"Min. price must be less than max. price.\",\n        \"price_max_evaluation\": \"Min. price must be less than max. price.\",\n        \"price_min_not_entered\": \"Min. price is required.\",\n        \"price_max_not_entered\": \"Max. price is required.\",\n        \"price_invalid_value\": \"Input must be greater than 0.\",\n        \"invalid_gift_certificate\": \"Please enter your valid certificate code.\"\n    },\n    \"validation_fallback_messages\": {\n        \"valid_email\": \"You must enter a valid email.\",\n        \"password\": \"You must enter a password.\",\n        \"password_match\": \"Your passwords do not match.\",\n        \"invalid_password\": \"Passwords must be at least 7 characters and contain both alphabetic and numeric characters.\",\n        \"field_not_blank\": \" field cannot be blank.\",\n        \"certificate_amount\": \"You must enter a gift certificate amount.\",\n        \"certificate_amount_range\": \"You must enter a certificate amount between [MIN] and [MAX]\",\n        \"price_min_evaluation\": \"Min. price must be less than max. price.\",\n        \"price_max_evaluation\": \"Min. price must be less than max. price.\",\n        \"price_min_not_entered\": \"Min. price is required.\",\n        \"price_max_not_entered\": \"Max. price is required.\",\n        \"price_invalid_value\": \"Input must be greater than 0.\",\n        \"invalid_gift_certificate\": \"Please enter your valid certificate code.\"\n    },\n    \"validation_default_messages\": {\n        \"valid_email\": \"You must enter a valid email.\",\n        \"password\": \"You must enter a password.\",\n        \"password_match\": \"Your passwords do not match.\",\n        \"invalid_password\": \"Passwords must be at least 7 characters and contain both alphabetic and numeric characters.\",\n        \"field_not_blank\": \"The field cannot be blank.\",\n        \"certificate_amount\": \"You must enter a gift certificate amount.\",\n        \"certificate_amount_range\": \"You must enter a certificate amount between [MIN] and [MAX]\",\n        \"price_min_evaluation\": \"Min. price must be less than max. price.\",\n        \"price_max_evaluation\": \"Min. price must be less than max. price.\",\n        \"price_min_not_entered\": \"Min. price is required.\",\n        \"price_max_not_entered\": \"Max. price is required.\",\n        \"price_invalid_value\": \"Input must be greater than 0.\",\n        \"invalid_gift_certificate\": \"Please enter your valid certificate code.\"\n    },\n    \"page_builder\": {\n        \"pdp_sale_badge_label\": \"On Sale!\",\n        \"pdp_sold_out_label\": \"Sold Out\",\n        \"pdp-sale-price-label\": \"Now:\",\n        \"pdp-non-sale-price-label\": \"Was:\",\n        \"pdp-retail-price-label\": \"MSRP:\",\n        \"pdp-custom-fields-tab-label\": \"Additional Information\"\n    },\n    \"consent_manager\": {\n        \"data_collection_warning\": \"We use cookies (and other similar technologies) to collect data to improve your shopping experience.\",\n        \"accept_all_cookies\": \"Accept All Cookies\",\n        \"gdpr_settings\": \"Settings\",\n        \"data_collection_preferences\": \"Website Data Collection Preferences\",\n        \"manage_data_collection_preferences\": \"Manage Website Data Collection Preferences\",\n        \"use_data_by_cookies\": \" uses data collected by cookies and JavaScript libraries to improve your shopping experience.\",\n        \"data_categories_table\": \"The table below outlines how we use this data by category. To opt out of a category of data collection, select 'No' and save your preferences.\",\n        \"allow\": \"Allow\",\n        \"accept\": \"Accept\",\n        \"deny\": \"Deny\",\n        \"dismiss\": \"Dismiss\",\n        \"reject_all\": \"Reject all\",\n        \"category\": \"Category\",\n        \"purpose\": \"Purpose\",\n        \"functional_category\": \"Functional\",\n        \"functional_purpose\": \"Enables enhanced functionality, such as videos and live chat. If you do not allow these, then some or all of these functions may not work properly.\",\n        \"analytics_category\": \"Analytics\",\n        \"analytics_purpose\": \"Provide statistical information on site usage, e.g., web analytics so we can improve this website over time.\",\n        \"targeting_category\": \"Targeting\",\n        \"advertising_category\": \"Advertising\",\n        \"advertising_purpose\": \"Used to create profiles or personalize content to enhance your shopping experience.\",\n        \"essential_category\": \"Essential\",\n        \"esential_purpose\": \"Essential for the site and any requested services to work, but do not perform any additional or secondary function.\",\n        \"yes\": \"Yes\",\n        \"no\": \"No\",\n        \"not_available\": \"N/A\",\n        \"cancel\": \"Cancel\",\n        \"save\": \"Save\",\n        \"back_to_preferences\": \"Back to Preferences\",\n        \"close_without_changes\": \"You have unsaved changes to your data collection preferences. Are you sure you want to close without saving?\",\n        \"unsaved_changes\": \"You have unsaved changes\",\n        \"by_using\": \"By using our website, you're agreeing to our\",\n        \"agree_on_data_collection\":\"By using our website, you're agreeing to the collection of data as described in our \",\n        \"change_preferences\": \"You can change your preferences at any time\",\n        \"cancel_dialog_title\": \"Are you sure you want to cancel?\",\n        \"privacy_policy\": \"Privacy Policy\",\n        \"allow_category_tracking\": \"Allow [CATEGORY_NAME] tracking\",\n        \"disallow_category_tracking\": \"Disallow [CATEGORY_NAME] tracking\"\n    },\n    \n    \"emthemesmodez\": {\n        \"on_sale\": \"On Sale\",\n        \"top_nav\": {\n            \"welcome_text\": \"Welcome to {store_name}!\",\n            \"icon_class1\": \"emthemesModez-icon-linear-map-marker\",\n            \"icon_class2\": \"emthemesModez-icon-linear-phone-handset\",\n            \"text1\": \"{address}\",\n            \"text2\": \"{phone_number}\",\n            \"url1\": \"#\",\n            \"url2\": \"#\"\n        },\n        \"hot_news\": \"Hot News\",\n        \"banners\": {\n\n            \"twothird_onethird_1\": {\n                \"banner1\": {\n                    \"title\": \"The Stripe\",\n                    \"text\": \"Update new trend. Create your own style.\",\n                    \"button\": \"Shop the look\",\n                    \"image\": \"https://tvlgiao.github.io/bigcommerce-themes/modez/demo/images/banner01.jpg\",\n                    \"url\": \"#\"\n                },\n                \"banner2\": {\n                    \"title\": \"Free Chic\",\n                    \"text\": \"Inspiration Outfit.\",\n                    \"button\": \"Shop now\",\n                    \"image\": \"https://tvlgiao.github.io/bigcommerce-themes/modez/demo/images/banner02.jpg\",\n                    \"url\": \"#\"\n                }\n            },\n            \"twothird_onethird_2\": {\n                \"banner1\": {\n                    \"title\": \"The Stripe\",\n                    \"text\": \"Update new trend. Create your own style.\",\n                    \"button\": \"Shop the look\",\n                    \"image\": \"https://placehold.it/370x500\",\n                    \"url\": \"#\"\n                },\n                \"banner2\": {\n                    \"title\": \"Free Chic\",\n                    \"text\": \"Inspiration Outfit.\",\n                    \"button\": \"Shop now\",\n                    \"image\": \"https://placehold.it/370x500\",\n                    \"url\": \"#\"\n                }\n            },\n            \"twothird_onethird_3\": {\n                \"banner1\": {\n                    \"title\": \"The Stripe\",\n                    \"text\": \"Update new trend. Create your own style.\",\n                    \"button\": \"Shop the look\",\n                    \"image\": \"https://placehold.it/770x500\",\n                    \"url\": \"#\"\n                },\n                \"banner2\": {\n                    \"title\": \"Free Chic\",\n                    \"text\": \"Inspiration Outfit.\",\n                    \"button\": \"Shop now\",\n                    \"image\": \"https://placehold.it/370x500\",\n                    \"url\": \"#\"\n                }\n            },\n\n\n            \"half_1\": {\n                \"banner1\": {\n                    \"title\": \" \",\n                    \"text\": \" \",\n                    \"button\": \" \",\n                    \"image\": \"https://tvlgiao.github.io/bigcommerce-themes/electronics/demo/images/banner08.jpg\",\n                    \"url\": \"#\"\n                },\n                \"banner2\": {\n                    \"title\": \" \",\n                    \"text\": \" \",\n                    \"button\": \" \",\n                    \"image\": \"https://tvlgiao.github.io/bigcommerce-themes/electronics/demo/images/banner09.jpg\",\n                    \"url\": \"#\"\n                }\n            },\n            \"half_2\": {\n                \"banner1\": {\n                    \"title\": \" \",\n                    \"text\": \" \",\n                    \"button\": \" \",\n                    \"image\": \"https://placehold.it/570x220\",\n                    \"url\": \"#\"\n                },\n                \"banner2\": {\n                    \"title\": \" \",\n                    \"text\": \" \",\n                    \"button\": \" \",\n                    \"image\": \"https://placehold.it/570x220\",\n                    \"url\": \"#\"\n                }\n            },\n            \"half_3\": {\n                \"banner1\": {\n                    \"title\": \" \",\n                    \"text\": \" \",\n                    \"button\": \" \",\n                    \"image\": \"https://placehold.it/570x220\",\n                    \"url\": \"#\"\n                },\n                \"banner2\": {\n                    \"title\": \" \",\n                    \"text\": \" \",\n                    \"button\": \" \",\n                    \"image\": \"https://placehold.it/570x220\",\n                    \"url\": \"#\"\n                }\n            },\n\n\n            \"onethird_x3_1\": {\n                \"banner1\": {\n                    \"title\": \" \",\n                    \"text\": \" \",\n                    \"button\": \" \",\n                    \"image\": \"https://tvlgiao.github.io/bigcommerce-themes/supermarket/demo/images/banner01.jpg\",\n                    \"url\": \"#\"\n                },\n                \"banner2\": {\n                    \"title\": \" \",\n                    \"text\": \" \",\n                    \"button\": \" \",\n                    \"image\": \"https://tvlgiao.github.io/bigcommerce-themes/supermarket/demo/images/banner02.jpg\",\n                    \"url\": \"#\"\n                },\n                \"banner3\": {\n                    \"title\": \" \",\n                    \"text\": \" \",\n                    \"button\": \" \",\n                    \"image\": \"https://tvlgiao.github.io/bigcommerce-themes/supermarket/demo/images/banner03.jpg\",\n                    \"url\": \"#\"\n                }\n            },\n            \"onethird_x3_2\": {\n                \"banner1\": {\n                    \"title\": \" \",\n                    \"text\": \" \",\n                    \"button\": \" \",\n                    \"image\": \"https://tvlgiao.github.io/bigcommerce-themes/electronics/demo/images/banner04.jpg\",\n                    \"url\": \"#\"\n                },\n                \"banner2\": {\n                    \"title\": \" \",\n                    \"text\": \" \",\n                    \"button\": \" \",\n                    \"image\": \"https://tvlgiao.github.io/bigcommerce-themes/electronics/demo/images/banner05.jpg\",\n                    \"url\": \"#\"\n                },\n                \"banner3\": {\n                    \"title\": \" \",\n                    \"text\": \" \",\n                    \"button\": \" \",\n                    \"image\": \"https://tvlgiao.github.io/bigcommerce-themes/electronics/demo/images/banner06.jpg\",\n                    \"url\": \"#\"\n                }\n            },\n            \"onethird_x3_3\": {\n                \"banner1\": {\n                    \"title\": \"Simple Style\",\n                    \"text\": \"Let’s Choose Your Dress\",\n                    \"button\": \"Shop now\",\n                    \"image\": \"https://placehold.it/370x500\",\n                    \"url\": \"#\"\n                },\n                \"banner2\": {\n                    \"title\": \"Open Back\",\n                    \"text\": \"Sexy Sexy Lady\",\n                    \"button\": \"Shop now\",\n                    \"image\": \"https://placehold.it/370x500\",\n                    \"url\": \"#\"\n                },\n                \"banner3\": {\n                    \"title\": \"Try That New\",\n                    \"text\": \"Inspiration Outfit\",\n                    \"button\": \"Shop now\",\n                    \"image\": \"https://placehold.it/370x500\",\n                    \"url\": \"#\"\n                }\n            },\n            \"one_1\": {\n                \"banner\": {\n                    \"title\": \" \",\n                    \"text\": \" \",\n                    \"button\": \" \",\n                    \"image\": \"https://tvlgiao.github.io/bigcommerce-themes/supermarket/demo/images/banner04.jpg\",\n                    \"url\": \"#\"\n                }\n            },\n            \"one_2\": {\n                \"banner\": {\n                    \"title\": \" \",\n                    \"text\": \" \",\n                    \"button\": \" \",\n                    \"image\": \"https://placehold.it/1170x304\",\n                    \"url\": \"#\"\n                }\n            },\n            \"one_3\": {\n                \"banner\": {\n                    \"title\": \" \",\n                    \"text\": \" \",\n                    \"button\": \" \",\n                    \"image\": \"https://placehold.it/1170x304\",\n                    \"url\": \"#\"\n                }\n            }\n        },\n        \"brands\": {\n            \"image1\": \"https://tvlgiao.github.io/bigcommerce-themes/laparis/demo/images/brand01.png\",\n            \"title1\": \"Mango\",\n            \"url1\": \"#\",\n            \"image2\": \"https://tvlgiao.github.io/bigcommerce-themes/laparis/demo/images/brand02.png\",\n            \"title2\": \"Pureen\",\n            \"url2\": \"#\",\n            \"image3\": \"https://tvlgiao.github.io/bigcommerce-themes/laparis/demo/images/brand03.png\",\n            \"title3\": \"Zara\",\n            \"url3\": \"#\",\n            \"image4\": \"https://tvlgiao.github.io/bigcommerce-themes/laparis/demo/images/brand04.png\",\n            \"title4\": \"Aldo\",\n            \"url4\": \"#\",\n            \"image5\": \"https://tvlgiao.github.io/bigcommerce-themes/laparis/demo/images/brand05.png\",\n            \"title5\": \"DKNY\",\n            \"url5\": \"#\",\n            \"image6\": \"https://tvlgiao.github.io/bigcommerce-themes/laparis/demo/images/brand01.png\",\n            \"title6\": \"Mango\",\n            \"url6\": \"#\",\n            \"image7\": \"https://tvlgiao.github.io/bigcommerce-themes/laparis/demo/images/brand02.png\",\n            \"title7\": \"Pureen\",\n            \"url7\": \"#\",\n            \"image8\": \"https://tvlgiao.github.io/bigcommerce-themes/laparis/demo/images/brand03.png\",\n            \"title8\": \"Zara\",\n            \"url8\": \"#\",\n            \"image9\": \"https://tvlgiao.github.io/bigcommerce-themes/laparis/demo/images/brand04.png\",\n            \"title9\": \"Aldo\",\n            \"url9\": \"#\",\n            \"image10\": \"https://tvlgiao.github.io/bigcommerce-themes/laparis/demo/images/brand05.png\",\n            \"title10\": \"DKNY\",\n            \"url10\": \"#\"\n        },\n        \"products_by_category\": {\n            \"noimage\": \"https://placehold.it/745x310\",\n\n            \"category_id_1\": \"19\",\n            \"heading_image_1\": \"https://tvlgiao.github.io/bigcommerce-themes/electronics/demo/images/cat01a.jpg\",\n            \"subcategory_title_1\": \"Categories\",\n\n            \"category_id_2\": \"23\",\n            \"heading_image_2\": \"https://tvlgiao.github.io/bigcommerce-themes/electronics/demo/images/cat02a.jpg\",\n            \"subcategory_title_2\": \"Categories\",\n\n            \"category_id_3\": \"18\",\n            \"heading_image_3\": \"https://tvlgiao.github.io/bigcommerce-themes/electronics/demo/images/cat03a.jpg\",\n            \"subcategory_title_3\": \"Categories\"\n        },\n\n        \"products_by_category_sorting_tabs\": {\n            \"bestselling\": \"Bestselling\",\n            \"featured\": \"Featured\",\n            \"new\": \"New Arrivals\",\n            \"reviews\": \"Top Reviewed\",\n            \"view_all\": \"View All Products\",\n            \"category_id_1\": \"19\",\n            \"category_id_2\": \"23\",\n            \"category_id_3\": \"18\"\n        },\n\n        \"products_by_category_subcategories_tabs\": {\n            \"heading\": \"Categories\",\n            \"view_all\": \"View All Products\",\n            \"category_id_1\": \"0\",\n            \"category_id_2\": \"19\",\n            \"category_id_3\": \"23\"\n        },\n\n        \"categories_grid\": {\n            \"heading\": \"Categories\",\n            \"products_count\": \"{count, plural, =0{No products} one {1 Product} other {# Products}}\"\n        },\n\n        \"footer\": {\n            \"links_col_1\": {\n                \"heading\": \"Our Links\",\n                \"row_1\": {\n                    \"title\": \"About us\",\n                    \"url\": \"#\"\n                },\n                \"row_2\": {\n                    \"title\": \"Promotions\",\n                    \"url\": \"#\"\n                },\n                \"row_3\": {\n                    \"title\": \"Affiliate Program\",\n                    \"url\": \"#\"\n                },\n                \"row_4\": {\n                    \"title\": \"Term & Conditions\",\n                    \"url\": \"#\"\n                },\n                \"row_5\": {\n                    \"title\": \"Privacy Policy\",\n                    \"url\": \"#\"\n                },\n                \"row_6\": {\n                    \"title\": \" \",\n                    \"url\": \" \"\n                },\n                \"row_7\": {\n                    \"title\": \" \",\n                    \"url\": \" \"\n                },\n                \"row_8\": {\n                    \"title\": \" \",\n                    \"url\": \" \"\n                },\n                \"row_9\": {\n                    \"title\": \" \",\n                    \"url\": \" \"\n                },\n                \"row_10\": {\n                    \"title\": \" \",\n                    \"url\": \" \"\n                }\n            },\n\n            \"links_col_2\": {\n                \"heading\": \"Customer Services\",\n                \"row_1\": {\n                    \"title\": \"FAQs\",\n                    \"url\": \"#\"\n                },\n                \"row_2\": {\n                    \"title\": \"Size Guide\",\n                    \"url\": \"#\"\n                },\n                \"row_3\": {\n                    \"title\": \"Contact Us\",\n                    \"url\": \"#\"\n                },\n                \"row_4\": {\n                    \"title\": \"Sell with Us\",\n                    \"url\": \"#\"\n                },\n                \"row_5\": {\n                    \"title\": \"Sitemap\",\n                    \"url\": \"#\"\n                },\n                \"row_6\": {\n                    \"title\": \" \",\n                    \"url\": \" \"\n                },\n                \"row_7\": {\n                    \"title\": \" \",\n                    \"url\": \" \"\n                },\n                \"row_8\": {\n                    \"title\": \" \",\n                    \"url\": \" \"\n                },\n                \"row_9\": {\n                    \"title\": \" \",\n                    \"url\": \" \"\n                },\n                \"row_10\": {\n                    \"title\": \" \",\n                    \"url\": \" \"\n                }\n            },\n\n            \"links_col_3\": {\n                \"heading\": \"Delivery & Returns\",\n                \"row_1\": {\n                    \"title\": \"Delivery\",\n                    \"url\": \"#\"\n                },\n                \"row_2\": {\n                    \"title\": \"Order Tracking\",\n                    \"url\": \"#\"\n                },\n                \"row_3\": {\n                    \"title\": \"Returns\",\n                    \"url\": \"#\"\n                },\n                \"row_4\": {\n                    \"title\": \"E-Receipts\",\n                    \"url\": \"#\"\n                },\n                \"row_5\": {\n                    \"title\": \"Buying Guides\",\n                    \"url\": \"#\"\n                },\n                \"row_6\": {\n                    \"title\": \" \",\n                    \"url\": \" \"\n                },\n                \"row_7\": {\n                    \"title\": \" \",\n                    \"url\": \" \"\n                },\n                \"row_8\": {\n                    \"title\": \" \",\n                    \"url\": \" \"\n                },\n                \"row_9\": {\n                    \"title\": \" \",\n                    \"url\": \" \"\n                },\n                \"row_10\": {\n                    \"title\": \" \",\n                    \"url\": \" \"\n                }\n            },\n\n            \"links_col_4\": {\n                \"heading\": \"Cards & Discounts\",\n                \"row_1\": {\n                    \"title\": \"Gift Cards\",\n                    \"url\": \"#\"\n                },\n                \"row_2\": {\n                    \"title\": \"Coupon Code\",\n                    \"url\": \"#\"\n                },\n                \"row_3\": {\n                    \"title\": \"Sale Products\",\n                    \"url\": \"#\"\n                },\n                \"row_4\": {\n                    \"title\": \"Membership\",\n                    \"url\": \"#\"\n                },\n                \"row_5\": {\n                    \"title\": \"User Agreement\",\n                    \"url\": \"#\"\n                },\n                \"row_6\": {\n                    \"title\": \" \",\n                    \"url\": \" \"\n                },\n                \"row_7\": {\n                    \"title\": \" \",\n                    \"url\": \" \"\n                },\n                \"row_8\": {\n                    \"title\": \" \",\n                    \"url\": \" \"\n                },\n                \"row_9\": {\n                    \"title\": \" \",\n                    \"url\": \" \"\n                },\n                \"row_10\": {\n                    \"title\": \" \",\n                    \"url\": \" \"\n                }\n            }\n        }\n    },\n\n    \"papasupermarket\": {\n        \"products_by_category_sorting_tabs\": {\n            \"bestselling\": \"Bestselling\",\n            \"featured\": \"Featured\",\n            \"new\": \"New Arrivals\",\n            \"reviews\": \"Top Reviewed\",\n            \"view_all\": \"View All Products\",\n            \"load_more\": \"Show More\",\n            \"collapse\": \"Collapse\",\n            \"category_id_1\": \"19\",\n            \"category_id_2\": \"23\",\n            \"category_id_3\": \"18\",\n            \"heading_image_1\": \"https://tvlgiao.github.io/bigcommerce-themes/supermarket/demo/images/products-by-cat-01.jpg\",\n            \"heading_image_2\": \"https://tvlgiao.github.io/bigcommerce-themes/supermarket/demo/images/products-by-cat-02.jpg\",\n            \"heading_image_3\": \"https://tvlgiao.github.io/bigcommerce-themes/supermarket/demo/images/products-by-cat-03.jpg\",\n            \"subcategory_title\": \"Categories\",\n            \"subcategory_title_1\": \"Categories\",\n            \"subcategory_title_2\": \"Categories\",\n            \"subcategory_title_3\": \"Categories\"\n        },\n        \"new_products\": {\n            \"image\": \"https://tvlgiao.github.io/bigcommerce-themes/supermarket/demo/images/new-products-img.jpg\"\n        },\n        \"categories_list\": {\n            \"heading\": \"Top Categories\",\n            \"see_all\": \"See All\",\n            \"cat_id_1\": \"55\",\n            \"cat_id_2\": \"23\",\n            \"cat_id_3\": \"18\",\n            \"cat_id_4\": \"19\",\n            \"cat_id_5\": \"58\",\n            \"cat_id_6\": \"60\",\n            \"banner_1\": \"https://tvlgiao.github.io/bigcommerce-themes/supermarket/demo/images/cat-list-01.jpg\",\n            \"banner_2\": \"https://tvlgiao.github.io/bigcommerce-themes/supermarket/demo/images/cat-list-02.jpg\",\n            \"banner_3\": \"https://tvlgiao.github.io/bigcommerce-themes/supermarket/demo/images/cat-list-03.jpg\",\n            \"banner_4\": \"https://tvlgiao.github.io/bigcommerce-themes/supermarket/demo/images/cat-list-04.jpg\",\n            \"banner_5\": \"https://tvlgiao.github.io/bigcommerce-themes/supermarket/demo/images/cat-list-05.jpg\",\n            \"banner_6\": \"https://tvlgiao.github.io/bigcommerce-themes/supermarket/demo/images/cat-list-06.jpg\"\n        }\n    },\n    \"bulk_order\": {\n        \"icon_title\": \"Bulk Order\",\n        \"product\": \"Product\",\n        \"qty_in_cart\": \"Qty in Cart\",\n        \"qty\": \"Quantity\",\n        \"price\": \"Price\",\n        \"subtotal\": \"Subtotal\",\n        \"total\": \"Total:\",\n        \"items\": \"items\",\n        \"add_all\": \"Add all to cart\",\n        \"progress_heading\": \"Adding your products to cart\",\n        \"view_cart\": \"View Cart\",\n        \"countinue_shopping\": \"Continue Shopping\",\n        \"validate\": {\n            \"enter_qty\": \"Please enter quantity\"\n        }\n    },\n    \"also_bought\": {\n        \"heading\": \"Frequently bought together:\",\n        \"add_all\": \"Select all\",\n        \"add_selected_to_cart\": \"Add selected to cart\"\n    }\n}\n"
}
